Local_time,Unit,RunNumber,StartTime,MWSEL
2026-01-01 00:00:00+00:00,U1,1,2026-01-01 00:00:00+00:00,0.51
2026-01-01 00:01:00+00:00,U1,1,2026-01-01 00:00:00+00:00,1.96
2026-01-01 00:02:00+00:00,U1,1,2026-01-01 00:00:00+00:00,2.52
2026-01-01 00:03:00+00:00,U1,1,2026-01-01 00:00:00+00:00,4.45
2026-01-01 00:04:00+00:00,U1,1,2026-01-01 00:00:00+00:00,4.19
2026-01-01 00:05:00+00:00,U1,1,2026-01-01 00:00:00+00:00,4.99
2026-01-01 00:06:00+00:00,U1,1,2026-01-01 00:00:00+00:00,4.9
2026-01-01 00:07:00+00:00,U1,1,2026-01-01 00:00:00+00:00,7.62
2026-01-01 00:08:00+00:00,U1,1,2026-01-01 00:00:00+00:00,8.35
2026-01-01 00:09:00+00:00,U1,1,2026-01-01 00:00:00+00:00,9.24
2026-01-01 00:10:00+00:00,U1,1,2026-01-01 00:00:00+00:00,10.48
2026-01-01 00:11:00+00:00,U1,1,2026-01-01 00:00:00+00:00,12.37
2026-01-01 00:12:00+00:00,U1,1,2026-01-01 00:00:00+00:00,13.52
2026-01-01 00:13:00+00:00,U1,1,2026-01-01 00:00:00+00:00,13.95
2026-01-01 00:14:00+00:00,U1,1,2026-01-01 00:00:00+00:00,14.51
2026-01-01 00:15:00+00:00,U1,1,2026-01-01 00:00:00+00:00,13.64
2026-01-01 00:16:00+00:00,U1,1,2026-01-01 00:00:00+00:00,10.13
2026-01-01 00:17:00+00:00,U1,1,2026-01-01 00:00:00+00:00,8.31
2026-01-01 00:18:00+00:00,U1,1,2026-01-01 00:00:00+00:00,6.73
2026-01-01 00:19:00+00:00,U1,1,2026-01-01 00:00:00+00:00,4.54
2026-01-01 00:20:00+00:00,U1,1,2026-01-01 00:00:00+00:00,3.77
2026-01-01 00:21:00+00:00,U1,1,2026-01-01 00:00:00+00:00,1.2
2026-01-01 00:22:00+00:00,U1,1,2026-01-01 00:00:00+00:00,0.11
2026-01-01 00:23:00+00:00,U1,1,2026-01-01 00:00:00+00:00,0.44
2026-01-01 00:24:00+00:00,U1,1,2026-01-01 00:00:00+00:00,0.0
2026-01-01 00:25:00+00:00,U1,1,2026-01-01 00:00:00+00:00,0.0
2026-01-01 00:26:00+00:00,U1,1,2026-01-01 00:00:00+00:00,0.0
2026-01-01 00:27:00+00:00,U1,1,2026-01-01 00:00:00+00:00,0.0
2026-01-01 00:28:00+00:00,U1,1,2026-01-01 00:00:00+00:00,0.29
2026-01-01 00:29:00+00:00,U1,1,2026-01-01 00:00:00+00:00,0.44
2026-01-01 00:30:00+00:00,U1,1,2026-01-01 00:00:00+00:00,1.26
2026-01-01 00:31:00+00:00,U1,1,2026-01-01 00:00:00+00:00,3.75
2026-01-01 00:32:00+00:00,U1,1,2026-01-01 00:00:00+00:00,4.41
2026-01-01 00:33:00+00:00,U1,1,2026-01-01 00:00:00+00:00,6.8
2026-01-01 00:34:00+00:00,U1,1,2026-01-01 00:00:00+00:00,10.28
2026-01-01 00:35:00+00:00,U1,1,2026-01-01 00:00:00+00:00,12.74
2026-01-01 00:36:00+00:00,U1,1,2026-01-01 00:00:00+00:00,14.86
2026-01-01 00:37:00+00:00,U1,1,2026-01-01 00:00:00+00:00,17.48
2026-01-01 00:38:00+00:00,U1,1,2026-01-01 00:00:00+00:00,19.91
2026-01-01 00:39:00+00:00,U1,1,2026-01-01 00:00:00+00:00,21.81
2026-01-01 00:40:00+00:00,U1,1,2026-01-01 00:00:00+00:00,27.13
2026-01-01 00:41:00+00:00,U1,1,2026-01-01 00:00:00+00:00,33.93
2026-01-01 00:42:00+00:00,U1,1,2026-01-01 00:00:00+00:00,41.58
2026-01-01 00:43:00+00:00,U1,1,2026-01-01 00:00:00+00:00,48.65
2026-01-01 00:44:00+00:00,U1,1,2026-01-01 00:00:00+00:00,58.74
2026-01-01 00:45:00+00:00,U1,1,2026-01-01 00:00:00+00:00,61.97
2026-01-01 00:46:00+00:00,U1,1,2026-01-01 00:00:00+00:00,69.64
2026-01-01 00:47:00+00:00,U1,1,2026-01-01 00:00:00+00:00,70.39
2026-01-01 00:48:00+00:00,U1,1,2026-01-01 00:00:00+00:00,73.4
2026-01-01 00:49:00+00:00,U1,1,2026-01-01 00:00:00+00:00,81.41
2026-01-01 00:50:00+00:00,U1,1,2026-01-01 00:00:00+00:00,93.59
2026-01-01 00:51:00+00:00,U1,1,2026-01-01 00:00:00+00:00,93.29
2026-01-01 00:52:00+00:00,U1,1,2026-01-01 00:00:00+00:00,99.93
2026-01-01 00:53:00+00:00,U1,1,2026-01-01 00:00:00+00:00,108.09
2026-01-01 00:54:00+00:00,U1,1,2026-01-01 00:00:00+00:00,110.61
2026-01-01 00:55:00+00:00,U1,1,2026-01-01 00:00:00+00:00,124.31
2026-01-01 00:56:00+00:00,U1,1,2026-01-01 00:00:00+00:00,137.59
2026-01-01 00:57:00+00:00,U1,1,2026-01-01 00:00:00+00:00,159.42
2026-01-01 00:58:00+00:00,U1,1,2026-01-01 00:00:00+00:00,162.23
2026-01-01 00:59:00+00:00,U1,1,2026-01-01 00:00:00+00:00,159.94
2026-01-01 01:00:00+00:00,U1,1,2026-01-01 00:00:00+00:00,135.95
2026-01-01 01:01:00+00:00,U1,1,2026-01-01 00:00:00+00:00,121.33
2026-01-01 01:02:00+00:00,U1,1,2026-01-01 00:00:00+00:00,101.39
2026-01-01 01:03:00+00:00,U1,1,2026-01-01 00:00:00+00:00,100.96
2026-01-01 01:04:00+00:00,U1,1,2026-01-01 00:00:00+00:00,95.19
2026-01-01 01:05:00+00:00,U1,1,2026-01-01 00:00:00+00:00,82.41
2026-01-01 01:06:00+00:00,U1,1,2026-01-01 00:00:00+00:00,80.83
2026-01-01 01:07:00+00:00,U1,1,2026-01-01 00:00:00+00:00,71.47
2026-01-01 01:08:00+00:00,U1,1,2026-01-01 00:00:00+00:00,71.29
2026-01-01 01:09:00+00:00,U1,1,2026-01-01 00:00:00+00:00,59.5
2026-01-01 01:10:00+00:00,U1,1,2026-01-01 00:00:00+00:00,59.0
2026-01-01 01:11:00+00:00,U1,1,2026-01-01 00:00:00+00:00,49.04
2026-01-01 01:12:00+00:00,U1,1,2026-01-01 00:00:00+00:00,47.0
2026-01-01 01:13:00+00:00,U1,1,2026-01-01 00:00:00+00:00,41.99
2026-01-01 01:14:00+00:00,U1,1,2026-01-01 00:00:00+00:00,40.97
2026-01-01 01:15:00+00:00,U1,1,2026-01-01 00:00:00+00:00,34.93
2026-01-01 01:16:00+00:00,U1,1,2026-01-01 00:00:00+00:00,28.45
2026-01-01 01:17:00+00:00,U1,1,2026-01-01 00:00:00+00:00,22.38
2026-01-01 01:18:00+00:00,U1,1,2026-01-01 00:00:00+00:00,18.49
2026-01-01 01:19:00+00:00,U1,1,2026-01-01 00:00:00+00:00,15.21
2026-01-01 01:20:00+00:00,U1,1,2026-01-01 00:00:00+00:00,11.45
2026-01-01 01:21:00+00:00,U1,1,2026-01-01 00:00:00+00:00,9.23
2026-01-01 01:22:00+00:00,U1,1,2026-01-01 00:00:00+00:00,5.58
2026-01-01 01:23:00+00:00,U1,1,2026-01-01 00:00:00+00:00,2.29
2026-01-01 01:24:00+00:00,U1,1,2026-01-01 00:00:00+00:00,0.12
2026-01-01 01:25:00+00:00,U1,1,2026-01-01 00:00:00+00:00,0.43
2026-01-01 01:26:00+00:00,U1,1,2026-01-01 00:00:00+00:00,0.0
2026-01-01 01:27:00+00:00,U1,1,2026-01-01 00:00:00+00:00,0.08
2026-01-01 01:28:00+00:00,U1,1,2026-01-01 00:00:00+00:00,0.18
2026-01-01 01:29:00+00:00,U1,1,2026-01-01 00:00:00+00:00,0.28
2026-01-01 01:30:00+00:00,U1,1,2026-01-01 00:00:00+00:00,1.49
2026-01-01 01:31:00+00:00,U1,1,2026-01-01 00:00:00+00:00,2.45
2026-01-01 01:32:00+00:00,U1,1,2026-01-01 00:00:00+00:00,4.57
2026-01-01 01:33:00+00:00,U1,1,2026-01-01 00:00:00+00:00,6.24
2026-01-01 01:34:00+00:00,U1,1,2026-01-01 00:00:00+00:00,8.17
2026-01-01 01:35:00+00:00,U1,1,2026-01-01 00:00:00+00:00,9.69
2026-01-01 01:36:00+00:00,U1,1,2026-01-01 00:00:00+00:00,10.46
2026-01-01 01:37:00+00:00,U1,1,2026-01-01 00:00:00+00:00,10.92
2026-01-01 01:38:00+00:00,U1,1,2026-01-01 00:00:00+00:00,13.02
2026-01-01 01:39:00+00:00,U1,1,2026-01-01 00:00:00+00:00,14.09
2026-01-01 01:40:00+00:00,U1,1,2026-01-01 00:00:00+00:00,15.08
2026-01-01 01:41:00+00:00,U1,1,2026-01-01 00:00:00+00:00,15.88
2026-01-01 01:42:00+00:00,U1,1,2026-01-01 00:00:00+00:00,17.13
2026-01-01 01:43:00+00:00,U1,1,2026-01-01 00:00:00+00:00,18.69
2026-01-01 01:44:00+00:00,U1,1,2026-01-01 00:00:00+00:00,20.79
2026-01-01 01:45:00+00:00,U1,1,2026-01-01 00:00:00+00:00,18.25
2026-01-01 01:46:00+00:00,U1,1,2026-01-01 00:00:00+00:00,18.5
2026-01-01 01:47:00+00:00,U1,1,2026-01-01 00:00:00+00:00,15.77
2026-01-01 01:48:00+00:00,U1,1,2026-01-01 00:00:00+00:00,12.27
2026-01-01 01:49:00+00:00,U1,1,2026-01-01 00:00:00+00:00,10.5
2026-01-01 01:50:00+00:00,U1,1,2026-01-01 00:00:00+00:00,7.36
2026-01-01 01:51:00+00:00,U1,1,2026-01-01 00:00:00+00:00,5.13
2026-01-01 01:52:00+00:00,U1,1,2026-01-01 00:00:00+00:00,4.04
2026-01-01 01:53:00+00:00,U1,1,2026-01-01 00:00:00+00:00,3.5
2026-01-01 01:54:00+00:00,U1,1,2026-01-01 00:00:00+00:00,1.09
2026-01-01 01:55:00+00:00,U1,1,2026-01-01 00:00:00+00:00,0.0
2026-01-01 01:56:00+00:00,U1,1,2026-01-01 00:00:00+00:00,0.19
2026-01-01 01:57:00+00:00,U1,1,2026-01-01 00:00:00+00:00,0.83
2026-01-01 01:58:00+00:00,U1,1,2026-01-01 00:00:00+00:00,0.0
2026-01-01 01:59:00+00:00,U1,1,2026-01-01 00:00:00+00:00,0.0
2026-01-01 02:00:00+00:00,U1,1,2026-01-01 00:00:00+00:00,0.76
2026-01-01 02:01:00+00:00,U1,1,2026-01-01 00:00:00+00:00,2.17
2026-01-01 02:02:00+00:00,U1,1,2026-01-01 00:00:00+00:00,3.18
2026-01-01 02:03:00+00:00,U1,1,2026-01-01 00:00:00+00:00,4.32
2026-01-01 02:04:00+00:00,U1,1,2026-01-01 00:00:00+00:00,7.17
2026-01-01 02:05:00+00:00,U1,1,2026-01-01 00:00:00+00:00,8.31
2026-01-01 02:06:00+00:00,U1,1,2026-01-01 00:00:00+00:00,10.96
2026-01-01 02:07:00+00:00,U1,1,2026-01-01 00:00:00+00:00,12.43
2026-01-01 02:08:00+00:00,U1,1,2026-01-01 00:00:00+00:00,17.12
2026-01-01 02:09:00+00:00,U1,1,2026-01-01 00:00:00+00:00,18.81
2026-01-01 02:10:00+00:00,U1,1,2026-01-01 00:00:00+00:00,23.13
2026-01-01 02:11:00+00:00,U1,1,2026-01-01 00:00:00+00:00,24.79
2026-01-01 02:12:00+00:00,U1,1,2026-01-01 00:00:00+00:00,26.7
2026-01-01 02:13:00+00:00,U1,1,2026-01-01 00:00:00+00:00,31.95
2026-01-01 02:14:00+00:00,U1,1,2026-01-01 00:00:00+00:00,39.16
2026-01-01 02:15:00+00:00,U1,1,2026-01-01 00:00:00+00:00,38.45
2026-01-01 02:16:00+00:00,U1,1,2026-01-01 00:00:00+00:00,41.23
2026-01-01 02:17:00+00:00,U1,1,2026-01-01 00:00:00+00:00,45.33
2026-01-01 02:18:00+00:00,U1,1,2026-01-01 00:00:00+00:00,51.2
2026-01-01 02:19:00+00:00,U1,1,2026-01-01 00:00:00+00:00,56.58
2026-01-01 02:20:00+00:00,U1,1,2026-01-01 00:00:00+00:00,64.85
2026-01-01 02:21:00+00:00,U1,1,2026-01-01 00:00:00+00:00,73.37
2026-01-01 02:22:00+00:00,U1,1,2026-01-01 00:00:00+00:00,71.59
2026-01-01 02:23:00+00:00,U1,1,2026-01-01 00:00:00+00:00,76.29
2026-01-01 02:24:00+00:00,U1,1,2026-01-01 00:00:00+00:00,80.03
2026-01-01 02:25:00+00:00,U1,1,2026-01-01 00:00:00+00:00,89.16
2026-01-01 02:26:00+00:00,U1,1,2026-01-01 00:00:00+00:00,100.83
2026-01-01 02:27:00+00:00,U1,1,2026-01-01 00:00:00+00:00,109.71
2026-01-01 02:28:00+00:00,U1,1,2026-01-01 00:00:00+00:00,126.75
2026-01-01 02:29:00+00:00,U1,1,2026-01-01 00:00:00+00:00,144.4
2026-01-01 02:30:00+00:00,U1,1,2026-01-01 00:00:00+00:00,119.86
2026-01-01 02:31:00+00:00,U1,1,2026-01-01 00:00:00+00:00,115.81
2026-01-01 02:32:00+00:00,U1,1,2026-01-01 00:00:00+00:00,95.29
2026-01-01 02:33:00+00:00,U1,1,2026-01-01 00:00:00+00:00,96.0
2026-01-01 02:34:00+00:00,U1,1,2026-01-01 00:00:00+00:00,93.45
2026-01-01 02:35:00+00:00,U1,1,2026-01-01 00:00:00+00:00,86.94
2026-01-01 02:36:00+00:00,U1,1,2026-01-01 00:00:00+00:00,86.52
2026-01-01 02:37:00+00:00,U1,1,2026-01-01 00:00:00+00:00,77.29
2026-01-01 02:38:00+00:00,U1,1,2026-01-01 00:00:00+00:00,64.73
2026-01-01 02:39:00+00:00,U1,1,2026-01-01 00:00:00+00:00,60.26
2026-01-01 02:40:00+00:00,U1,1,2026-01-01 00:00:00+00:00,55.13
2026-01-01 02:41:00+00:00,U1,1,2026-01-01 00:00:00+00:00,55.01
2026-01-01 02:42:00+00:00,U1,1,2026-01-01 00:00:00+00:00,55.51
2026-01-01 02:43:00+00:00,U1,1,2026-01-01 00:00:00+00:00,51.01
2026-01-01 02:44:00+00:00,U1,1,2026-01-01 00:00:00+00:00,48.64
2026-01-01 02:45:00+00:00,U1,1,2026-01-01 00:00:00+00:00,42.8
2026-01-01 02:46:00+00:00,U1,1,2026-01-01 00:00:00+00:00,40.25
2026-01-01 02:47:00+00:00,U1,1,2026-01-01 00:00:00+00:00,30.79
2026-01-01 02:48:00+00:00,U1,1,2026-01-01 00:00:00+00:00,24.87
2026-01-01 02:49:00+00:00,U1,1,2026-01-01 00:00:00+00:00,22.3
2026-01-01 02:50:00+00:00,U1,1,2026-01-01 00:00:00+00:00,18.33
2026-01-01 02:51:00+00:00,U1,1,2026-01-01 00:00:00+00:00,12.47
2026-01-01 02:52:00+00:00,U1,1,2026-01-01 00:00:00+00:00,8.88
2026-01-01 02:53:00+00:00,U1,1,2026-01-01 00:00:00+00:00,7.38
2026-01-01 02:54:00+00:00,U1,1,2026-01-01 00:00:00+00:00,4.53
2026-01-01 02:55:00+00:00,U1,1,2026-01-01 00:00:00+00:00,0.56
2026-01-01 02:56:00+00:00,U1,1,2026-01-01 00:00:00+00:00,0.0
2026-01-01 02:57:00+00:00,U1,1,2026-01-01 00:00:00+00:00,0.62
2026-01-01 02:58:00+00:00,U1,1,2026-01-01 00:00:00+00:00,0.0
2026-01-01 02:59:00+00:00,U1,1,2026-01-01 00:00:00+00:00,0.02
2026-01-01 03:00:00+00:00,U1,1,2026-01-01 00:00:00+00:00,1.62
2026-01-01 03:01:00+00:00,U1,1,2026-01-01 00:00:00+00:00,1.67
2026-01-01 03:02:00+00:00,U1,1,2026-01-01 00:00:00+00:00,3.71
2026-01-01 03:03:00+00:00,U1,1,2026-01-01 00:00:00+00:00,6.17
2026-01-01 03:04:00+00:00,U1,1,2026-01-01 00:00:00+00:00,6.92
2026-01-01 03:05:00+00:00,U1,1,2026-01-01 00:00:00+00:00,8.69
2026-01-01 03:06:00+00:00,U1,1,2026-01-01 00:00:00+00:00,10.18
2026-01-01 03:07:00+00:00,U1,1,2026-01-01 00:00:00+00:00,12.68
2026-01-01 03:08:00+00:00,U1,1,2026-01-01 00:00:00+00:00,13.74
2026-01-01 03:09:00+00:00,U1,1,2026-01-01 00:00:00+00:00,14.42
2026-01-01 03:10:00+00:00,U1,1,2026-01-01 00:00:00+00:00,15.78
2026-01-01 03:11:00+00:00,U1,1,2026-01-01 00:00:00+00:00,16.29
2026-01-01 03:12:00+00:00,U1,1,2026-01-01 00:00:00+00:00,15.69
2026-01-01 03:13:00+00:00,U1,1,2026-01-01 00:00:00+00:00,18.44
2026-01-01 03:14:00+00:00,U1,1,2026-01-01 00:00:00+00:00,19.67
2026-01-01 03:15:00+00:00,U1,1,2026-01-01 00:00:00+00:00,15.81
2026-01-01 03:16:00+00:00,U1,1,2026-01-01 00:00:00+00:00,15.29
2026-01-01 03:17:00+00:00,U1,1,2026-01-01 00:00:00+00:00,12.04
2026-01-01 03:18:00+00:00,U1,1,2026-01-01 00:00:00+00:00,10.15
2026-01-01 03:19:00+00:00,U1,1,2026-01-01 00:00:00+00:00,8.67
2026-01-01 03:20:00+00:00,U1,1,2026-01-01 00:00:00+00:00,6.08
2026-01-01 03:21:00+00:00,U1,1,2026-01-01 00:00:00+00:00,4.29
2026-01-01 03:22:00+00:00,U1,1,2026-01-01 00:00:00+00:00,1.57
2026-01-01 03:23:00+00:00,U1,1,2026-01-01 00:00:00+00:00,0.0
2026-01-01 03:24:00+00:00,U1,1,2026-01-01 00:00:00+00:00,0.0
2026-01-01 03:25:00+00:00,U1,1,2026-01-01 00:00:00+00:00,0.24
2026-01-01 03:26:00+00:00,U1,1,2026-01-01 00:00:00+00:00,1.03
2026-01-01 03:27:00+00:00,U1,1,2026-01-01 00:00:00+00:00,0.0
2026-01-01 03:28:00+00:00,U1,1,2026-01-01 00:00:00+00:00,0.0
2026-01-01 03:29:00+00:00,U1,1,2026-01-01 00:00:00+00:00,0.0
2026-01-01 03:30:00+00:00,U1,1,2026-01-01 00:00:00+00:00,0.47
2026-01-01 03:31:00+00:00,U1,1,2026-01-01 00:00:00+00:00,1.68
2026-01-01 03:32:00+00:00,U1,1,2026-01-01 00:00:00+00:00,2.94
2026-01-01 03:33:00+00:00,U1,1,2026-01-01 00:00:00+00:00,6.14
2026-01-01 03:34:00+00:00,U1,1,2026-01-01 00:00:00+00:00,7.3
2026-01-01 03:35:00+00:00,U1,1,2026-01-01 00:00:00+00:00,8.48
2026-01-01 03:36:00+00:00,U1,1,2026-01-01 00:00:00+00:00,9.28
2026-01-01 03:37:00+00:00,U1,1,2026-01-01 00:00:00+00:00,13.6
2026-01-01 03:38:00+00:00,U1,1,2026-01-01 00:00:00+00:00,14.44
2026-01-01 03:39:00+00:00,U1,1,2026-01-01 00:00:00+00:00,17.21
2026-01-01 03:40:00+00:00,U1,1,2026-01-01 00:00:00+00:00,18.5
2026-01-01 03:41:00+00:00,U1,1,2026-01-01 00:00:00+00:00,21.83
2026-01-01 03:42:00+00:00,U1,1,2026-01-01 00:00:00+00:00,23.37
2026-01-01 03:43:00+00:00,U1,1,2026-01-01 00:00:00+00:00,28.17
2026-01-01 03:44:00+00:00,U1,1,2026-01-01 00:00:00+00:00,34.19
2026-01-01 03:45:00+00:00,U1,1,2026-01-01 00:00:00+00:00,36.8
2026-01-01 03:46:00+00:00,U1,1,2026-01-01 00:00:00+00:00,38.18
2026-01-01 03:47:00+00:00,U1,1,2026-01-01 00:00:00+00:00,39.35
2026-01-01 03:48:00+00:00,U1,1,2026-01-01 00:00:00+00:00,40.5
2026-01-01 03:49:00+00:00,U1,1,2026-01-01 00:00:00+00:00,41.04
2026-01-01 03:50:00+00:00,U1,1,2026-01-01 00:00:00+00:00,39.84
2026-01-01 03:51:00+00:00,U1,1,2026-01-01 00:00:00+00:00,44.83
2026-01-01 03:52:00+00:00,U1,1,2026-01-01 00:00:00+00:00,48.35
2026-01-01 03:53:00+00:00,U1,1,2026-01-01 00:00:00+00:00,50.23
2026-01-01 03:54:00+00:00,U1,1,2026-01-01 00:00:00+00:00,55.2
2026-01-01 03:55:00+00:00,U1,1,2026-01-01 00:00:00+00:00,61.29
2026-01-01 03:56:00+00:00,U1,1,2026-01-01 00:00:00+00:00,63.65
2026-01-01 03:57:00+00:00,U1,1,2026-01-01 00:00:00+00:00,64.41
2026-01-01 03:58:00+00:00,U1,1,2026-01-01 00:00:00+00:00,66.63
2026-01-01 03:59:00+00:00,U1,1,2026-01-01 00:00:00+00:00,73.83
2026-02-01 00:00:00+00:00,U1,2,2026-02-01 00:00:00+00:00,0.36
2026-02-01 00:01:00+00:00,U1,2,2026-02-01 00:00:00+00:00,2.29
2026-02-01 00:02:00+00:00,U1,2,2026-02-01 00:00:00+00:00,3.38
2026-02-01 00:03:00+00:00,U1,2,2026-02-01 00:00:00+00:00,3.95
2026-02-01 00:04:00+00:00,U1,2,2026-02-01 00:00:00+00:00,4.45
2026-02-01 00:05:00+00:00,U1,2,2026-02-01 00:00:00+00:00,6.65
2026-02-01 00:06:00+00:00,U1,2,2026-02-01 00:00:00+00:00,7.55
2026-02-01 00:07:00+00:00,U1,2,2026-02-01 00:00:00+00:00,10.25
2026-02-01 00:08:00+00:00,U1,2,2026-02-01 00:00:00+00:00,10.14
2026-02-01 00:09:00+00:00,U1,2,2026-02-01 00:00:00+00:00,10.87
2026-02-01 00:10:00+00:00,U1,2,2026-02-01 00:00:00+00:00,11.67
2026-02-01 00:11:00+00:00,U1,2,2026-02-01 00:00:00+00:00,13.98
2026-02-01 00:12:00+00:00,U1,2,2026-02-01 00:00:00+00:00,13.6
2026-02-01 00:13:00+00:00,U1,2,2026-02-01 00:00:00+00:00,14.94
2026-02-01 00:14:00+00:00,U1,2,2026-02-01 00:00:00+00:00,15.66
2026-02-01 00:15:00+00:00,U1,2,2026-02-01 00:00:00+00:00,13.62
2026-02-01 00:16:00+00:00,U1,2,2026-02-01 00:00:00+00:00,10.93
2026-02-01 00:17:00+00:00,U1,2,2026-02-01 00:00:00+00:00,8.82
2026-02-01 00:18:00+00:00,U1,2,2026-02-01 00:00:00+00:00,5.85
2026-02-01 00:19:00+00:00,U1,2,2026-02-01 00:00:00+00:00,3.12
2026-02-01 00:20:00+00:00,U1,2,2026-02-01 00:00:00+00:00,0.82
2026-02-01 00:21:00+00:00,U1,2,2026-02-01 00:00:00+00:00,0.01
2026-02-01 00:22:00+00:00,U1,2,2026-02-01 00:00:00+00:00,0.45
2026-02-01 00:23:00+00:00,U1,2,2026-02-01 00:00:00+00:00,0.05
2026-02-01 00:24:00+00:00,U1,2,2026-02-01 00:00:00+00:00,0.08
2026-02-01 00:25:00+00:00,U1,2,2026-02-01 00:00:00+00:00,0.28
2026-02-01 00:26:00+00:00,U1,2,2026-02-01 00:00:00+00:00,0.25
2026-02-01 00:27:00+00:00,U1,2,2026-02-01 00:00:00+00:00,0.62
2026-02-01 00:28:00+00:00,U1,2,2026-02-01 00:00:00+00:00,0.0
2026-02-01 00:29:00+00:00,U1,2,2026-02-01 00:00:00+00:00,0.2
2026-02-01 00:30:00+00:00,U1,2,2026-02-01 00:00:00+00:00,0.71
2026-02-01 00:31:00+00:00,U1,2,2026-02-01 00:00:00+00:00,1.97
2026-02-01 00:32:00+00:00,U1,2,2026-02-01 00:00:00+00:00,2.91
2026-02-01 00:33:00+00:00,U1,2,2026-02-01 00:00:00+00:00,3.15
2026-02-01 00:34:00+00:00,U1,2,2026-02-01 00:00:00+00:00,3.37
2026-02-01 00:35:00+00:00,U1,2,2026-02-01 00:00:00+00:00,7.53
2026-02-01 00:36:00+00:00,U1,2,2026-02-01 00:00:00+00:00,4.36
2026-02-01 00:37:00+00:00,U1,2,2026-02-01 00:00:00+00:00,8.41
2026-02-01 00:38:00+00:00,U1,2,2026-02-01 00:00:00+00:00,11.03
2026-02-01 00:39:00+00:00,U1,2,2026-02-01 00:00:00+00:00,8.23
2026-02-01 00:40:00+00:00,U1,2,2026-02-01 00:00:00+00:00,20.29
2026-02-01 00:41:00+00:00,U1,2,2026-02-01 00:00:00+00:00,10.61
2026-02-01 00:42:00+00:00,U1,2,2026-02-01 00:00:00+00:00,22.27
2026-02-01 00:43:00+00:00,U1,2,2026-02-01 00:00:00+00:00,18.44
2026-02-01 00:44:00+00:00,U1,2,2026-02-01 00:00:00+00:00,22.82
2026-02-01 00:45:00+00:00,U1,2,2026-02-01 00:00:00+00:00,18.72
2026-02-01 00:46:00+00:00,U1,2,2026-02-01 00:00:00+00:00,15.2
2026-02-01 00:47:00+00:00,U1,2,2026-02-01 00:00:00+00:00,21.7
2026-02-01 00:48:00+00:00,U1,2,2026-02-01 00:00:00+00:00,13.59
2026-02-01 00:49:00+00:00,U1,2,2026-02-01 00:00:00+00:00,33.5
2026-02-01 00:50:00+00:00,U1,2,2026-02-01 00:00:00+00:00,15.11
2026-02-01 00:51:00+00:00,U1,2,2026-02-01 00:00:00+00:00,32.32
2026-02-01 00:52:00+00:00,U1,2,2026-02-01 00:00:00+00:00,24.97
2026-02-01 00:53:00+00:00,U1,2,2026-02-01 00:00:00+00:00,24.97
2026-02-01 00:54:00+00:00,U1,2,2026-02-01 00:00:00+00:00,18.89
2026-02-01 00:55:00+00:00,U1,2,2026-02-01 00:00:00+00:00,42.37
2026-02-01 00:56:00+00:00,U1,2,2026-02-01 00:00:00+00:00,17.55
2026-02-01 00:57:00+00:00,U1,2,2026-02-01 00:00:00+00:00,40.1
2026-02-01 00:58:00+00:00,U1,2,2026-02-01 00:00:00+00:00,19.95
2026-02-01 00:59:00+00:00,U1,2,2026-02-01 00:00:00+00:00,27.94
2026-02-01 01:00:00+00:00,U1,2,2026-02-01 00:00:00+00:00,62.44
2026-02-01 01:01:00+00:00,U1,2,2026-02-01 00:00:00+00:00,62.11
2026-02-01 01:02:00+00:00,U1,2,2026-02-01 00:00:00+00:00,55.78
2026-02-01 01:03:00+00:00,U1,2,2026-02-01 00:00:00+00:00,56.38
2026-02-01 01:04:00+00:00,U1,2,2026-02-01 00:00:00+00:00,46.4
2026-02-01 01:05:00+00:00,U1,2,2026-02-01 00:00:00+00:00,45.73
2026-02-01 01:06:00+00:00,U1,2,2026-02-01 00:00:00+00:00,41.4
2026-02-01 01:07:00+00:00,U1,2,2026-02-01 00:00:00+00:00,36.12
2026-02-01 01:08:00+00:00,U1,2,2026-02-01 00:00:00+00:00,32.7
2026-02-01 01:09:00+00:00,U1,2,2026-02-01 00:00:00+00:00,35.17
2026-02-01 01:10:00+00:00,U1,2,2026-02-01 00:00:00+00:00,29.77
2026-02-01 01:11:00+00:00,U1,2,2026-02-01 00:00:00+00:00,30.91
2026-02-01 01:12:00+00:00,U1,2,2026-02-01 00:00:00+00:00,25.49
2026-02-01 01:13:00+00:00,U1,2,2026-02-01 00:00:00+00:00,21.96
2026-02-01 01:14:00+00:00,U1,2,2026-02-01 00:00:00+00:00,22.76
2026-02-01 01:15:00+00:00,U1,2,2026-02-01 00:00:00+00:00,18.11
2026-02-01 01:16:00+00:00,U1,2,2026-02-01 00:00:00+00:00,16.22
2026-02-01 01:17:00+00:00,U1,2,2026-02-01 00:00:00+00:00,12.46
2026-02-01 01:18:00+00:00,U1,2,2026-02-01 00:00:00+00:00,10.24
2026-02-01 01:19:00+00:00,U1,2,2026-02-01 00:00:00+00:00,7.69
2026-02-01 01:20:00+00:00,U1,2,2026-02-01 00:00:00+00:00,4.42
2026-02-01 01:21:00+00:00,U1,2,2026-02-01 00:00:00+00:00,1.84
2026-02-01 01:22:00+00:00,U1,2,2026-02-01 00:00:00+00:00,0.78
2026-02-01 01:23:00+00:00,U1,2,2026-02-01 00:00:00+00:00,0.0
2026-02-01 01:24:00+00:00,U1,2,2026-02-01 00:00:00+00:00,0.0
2026-02-01 01:25:00+00:00,U1,2,2026-02-01 00:00:00+00:00,0.53
2026-02-01 01:26:00+00:00,U1,2,2026-02-01 00:00:00+00:00,0.0
2026-02-01 01:27:00+00:00,U1,2,2026-02-01 00:00:00+00:00,0.35
2026-02-01 01:28:00+00:00,U1,2,2026-02-01 00:00:00+00:00,1.28
2026-02-01 01:29:00+00:00,U1,2,2026-02-01 00:00:00+00:00,0.0
2026-02-01 01:30:00+00:00,U1,2,2026-02-01 00:00:00+00:00,0.75
2026-02-01 01:31:00+00:00,U1,2,2026-02-01 00:00:00+00:00,1.74
2026-02-01 01:32:00+00:00,U1,2,2026-02-01 00:00:00+00:00,2.66
2026-02-01 01:33:00+00:00,U1,2,2026-02-01 00:00:00+00:00,4.96
2026-02-01 01:34:00+00:00,U1,2,2026-02-01 00:00:00+00:00,6.32
2026-02-01 01:35:00+00:00,U1,2,2026-02-01 00:00:00+00:00,8.71
2026-02-01 01:36:00+00:00,U1,2,2026-02-01 00:00:00+00:00,8.63
2026-02-01 01:37:00+00:00,U1,2,2026-02-01 00:00:00+00:00,10.49
2026-02-01 01:38:00+00:00,U1,2,2026-02-01 00:00:00+00:00,12.82
2026-02-01 01:39:00+00:00,U1,2,2026-02-01 00:00:00+00:00,14.21
2026-02-01 01:40:00+00:00,U1,2,2026-02-01 00:00:00+00:00,15.21
2026-02-01 01:41:00+00:00,U1,2,2026-02-01 00:00:00+00:00,16.99
2026-02-01 01:42:00+00:00,U1,2,2026-02-01 00:00:00+00:00,17.91
2026-02-01 01:43:00+00:00,U1,2,2026-02-01 00:00:00+00:00,18.12
2026-02-01 01:44:00+00:00,U1,2,2026-02-01 00:00:00+00:00,19.83
2026-02-01 01:45:00+00:00,U1,2,2026-02-01 00:00:00+00:00,16.54
2026-02-01 01:46:00+00:00,U1,2,2026-02-01 00:00:00+00:00,14.29
2026-02-01 01:47:00+00:00,U1,2,2026-02-01 00:00:00+00:00,10.92
2026-02-01 01:48:00+00:00,U1,2,2026-02-01 00:00:00+00:00,8.28
2026-02-01 01:49:00+00:00,U1,2,2026-02-01 00:00:00+00:00,7.55
2026-02-01 01:50:00+00:00,U1,2,2026-02-01 00:00:00+00:00,5.17
2026-02-01 01:51:00+00:00,U1,2,2026-02-01 00:00:00+00:00,3.74
2026-02-01 01:52:00+00:00,U1,2,2026-02-01 00:00:00+00:00,1.71
2026-02-01 01:53:00+00:00,U1,2,2026-02-01 00:00:00+00:00,0.0
2026-02-01 01:54:00+00:00,U1,2,2026-02-01 00:00:00+00:00,0.43
2026-02-01 01:55:00+00:00,U1,2,2026-02-01 00:00:00+00:00,0.14
2026-02-01 01:56:00+00:00,U1,2,2026-02-01 00:00:00+00:00,0.36
2026-02-01 01:57:00+00:00,U1,2,2026-02-01 00:00:00+00:00,0.02
2026-02-01 01:58:00+00:00,U1,2,2026-02-01 00:00:00+00:00,0.61
2026-02-01 01:59:00+00:00,U1,2,2026-02-01 00:00:00+00:00,0.0
2026-02-01 02:00:00+00:00,U1,2,2026-02-01 00:00:00+00:00,1.15
2026-02-01 02:01:00+00:00,U1,2,2026-02-01 00:00:00+00:00,3.6
2026-02-01 02:02:00+00:00,U1,2,2026-02-01 00:00:00+00:00,3.14
2026-02-01 02:03:00+00:00,U1,2,2026-02-01 00:00:00+00:00,4.52
2026-02-01 02:04:00+00:00,U1,2,2026-02-01 00:00:00+00:00,5.55
2026-02-01 02:05:00+00:00,U1,2,2026-02-01 00:00:00+00:00,7.66
2026-02-01 02:06:00+00:00,U1,2,2026-02-01 00:00:00+00:00,10.45
2026-02-01 02:07:00+00:00,U1,2,2026-02-01 00:00:00+00:00,12.88
2026-02-01 02:08:00+00:00,U1,2,2026-02-01 00:00:00+00:00,14.97
2026-02-01 02:09:00+00:00,U1,2,2026-02-01 00:00:00+00:00,18.22
2026-02-01 02:10:00+00:00,U1,2,2026-02-01 00:00:00+00:00,19.17
2026-02-01 02:11:00+00:00,U1,2,2026-02-01 00:00:00+00:00,22.36
2026-02-01 02:12:00+00:00,U1,2,2026-02-01 00:00:00+00:00,28.43
2026-02-01 02:13:00+00:00,U1,2,2026-02-01 00:00:00+00:00,29.88
2026-02-01 02:14:00+00:00,U1,2,2026-02-01 00:00:00+00:00,33.42
2026-02-01 02:15:00+00:00,U1,2,2026-02-01 00:00:00+00:00,33.77
2026-02-01 02:16:00+00:00,U1,2,2026-02-01 00:00:00+00:00,38.35
2026-02-01 02:17:00+00:00,U1,2,2026-02-01 00:00:00+00:00,42.48
2026-02-01 02:18:00+00:00,U1,2,2026-02-01 00:00:00+00:00,46.66
2026-02-01 02:19:00+00:00,U1,2,2026-02-01 00:00:00+00:00,49.36
2026-02-01 02:20:00+00:00,U1,2,2026-02-01 00:00:00+00:00,48.68
2026-02-01 02:21:00+00:00,U1,2,2026-02-01 00:00:00+00:00,50.05
2026-02-01 02:22:00+00:00,U1,2,2026-02-01 00:00:00+00:00,47.33
2026-02-01 02:23:00+00:00,U1,2,2026-02-01 00:00:00+00:00,51.06
2026-02-01 02:24:00+00:00,U1,2,2026-02-01 00:00:00+00:00,51.39
2026-02-01 02:25:00+00:00,U1,2,2026-02-01 00:00:00+00:00,58.7
2026-02-01 02:26:00+00:00,U1,2,2026-02-01 00:00:00+00:00,62.75
2026-02-01 02:27:00+00:00,U1,2,2026-02-01 00:00:00+00:00,68.18
2026-02-01 02:28:00+00:00,U1,2,2026-02-01 00:00:00+00:00,75.28
2026-02-01 02:29:00+00:00,U1,2,2026-02-01 00:00:00+00:00,84.34
2026-02-01 02:30:00+00:00,U1,2,2026-02-01 00:00:00+00:00,81.93
2026-02-01 02:31:00+00:00,U1,2,2026-02-01 00:00:00+00:00,71.31
2026-02-01 02:32:00+00:00,U1,2,2026-02-01 00:00:00+00:00,71.14
2026-02-01 02:33:00+00:00,U1,2,2026-02-01 00:00:00+00:00,66.9
2026-02-01 02:34:00+00:00,U1,2,2026-02-01 00:00:00+00:00,56.15
2026-02-01 02:35:00+00:00,U1,2,2026-02-01 00:00:00+00:00,51.12
2026-02-01 02:36:00+00:00,U1,2,2026-02-01 00:00:00+00:00,50.86
2026-02-01 02:37:00+00:00,U1,2,2026-02-01 00:00:00+00:00,49.09
2026-02-01 02:38:00+00:00,U1,2,2026-02-01 00:00:00+00:00,46.05
2026-02-01 02:39:00+00:00,U1,2,2026-02-01 00:00:00+00:00,44.08
2026-02-01 02:40:00+00:00,U1,2,2026-02-01 00:00:00+00:00,46.23
2026-02-01 02:41:00+00:00,U1,2,2026-02-01 00:00:00+00:00,38.94
2026-02-01 02:42:00+00:00,U1,2,2026-02-01 00:00:00+00:00,34.75
2026-02-01 02:43:00+00:00,U1,2,2026-02-01 00:00:00+00:00,31.53
2026-02-01 02:44:00+00:00,U1,2,2026-02-01 00:00:00+00:00,31.73
2026-02-01 02:45:00+00:00,U1,2,2026-02-01 00:00:00+00:00,28.35
2026-02-01 02:46:00+00:00,U1,2,2026-02-01 00:00:00+00:00,22.84
2026-02-01 02:47:00+00:00,U1,2,2026-02-01 00:00:00+00:00,17.01
2026-02-01 02:48:00+00:00,U1,2,2026-02-01 00:00:00+00:00,12.25
2026-02-01 02:49:00+00:00,U1,2,2026-02-01 00:00:00+00:00,9.04
2026-02-01 02:50:00+00:00,U1,2,2026-02-01 00:00:00+00:00,5.95
2026-02-01 02:51:00+00:00,U1,2,2026-02-01 00:00:00+00:00,2.77
2026-02-01 02:52:00+00:00,U1,2,2026-02-01 00:00:00+00:00,0.05
2026-02-01 02:53:00+00:00,U1,2,2026-02-01 00:00:00+00:00,0.72
2026-02-01 02:54:00+00:00,U1,2,2026-02-01 00:00:00+00:00,0.17
2026-02-01 02:55:00+00:00,U1,2,2026-02-01 00:00:00+00:00,0.23
2026-02-01 02:56:00+00:00,U1,2,2026-02-01 00:00:00+00:00,0.1
2026-02-01 02:57:00+00:00,U1,2,2026-02-01 00:00:00+00:00,0.35
2026-02-01 02:58:00+00:00,U1,2,2026-02-01 00:00:00+00:00,0.0
2026-02-01 02:59:00+00:00,U1,2,2026-02-01 00:00:00+00:00,0.9
2026-02-01 03:00:00+00:00,U1,2,2026-02-01 00:00:00+00:00,0.0
2026-02-01 03:01:00+00:00,U1,2,2026-02-01 00:00:00+00:00,2.58
2026-02-01 03:02:00+00:00,U1,2,2026-02-01 00:00:00+00:00,3.12
2026-02-01 03:03:00+00:00,U1,2,2026-02-01 00:00:00+00:00,3.85
2026-02-01 03:04:00+00:00,U1,2,2026-02-01 00:00:00+00:00,6.19
2026-02-01 03:05:00+00:00,U1,2,2026-02-01 00:00:00+00:00,5.65
2026-02-01 03:06:00+00:00,U1,2,2026-02-01 00:00:00+00:00,7.62
2026-02-01 03:07:00+00:00,U1,2,2026-02-01 00:00:00+00:00,8.23
2026-02-01 03:08:00+00:00,U1,2,2026-02-01 00:00:00+00:00,9.08
2026-02-01 03:09:00+00:00,U1,2,2026-02-01 00:00:00+00:00,10.99
2026-02-01 03:10:00+00:00,U1,2,2026-02-01 00:00:00+00:00,13.11
2026-02-01 03:11:00+00:00,U1,2,2026-02-01 00:00:00+00:00,13.45
2026-02-01 03:12:00+00:00,U1,2,2026-02-01 00:00:00+00:00,14.36
2026-02-01 03:13:00+00:00,U1,2,2026-02-01 00:00:00+00:00,15.85
2026-02-01 03:14:00+00:00,U1,2,2026-02-01 00:00:00+00:00,16.29
2026-02-01 03:15:00+00:00,U1,2,2026-02-01 00:00:00+00:00,14.31
2026-02-01 03:16:00+00:00,U1,2,2026-02-01 00:00:00+00:00,12.82
2026-02-01 03:17:00+00:00,U1,2,2026-02-01 00:00:00+00:00,10.84
2026-02-01 03:18:00+00:00,U1,2,2026-02-01 00:00:00+00:00,8.91
2026-02-01 03:19:00+00:00,U1,2,2026-02-01 00:00:00+00:00,5.82
2026-02-01 03:20:00+00:00,U1,2,2026-02-01 00:00:00+00:00,5.58
2026-02-01 03:21:00+00:00,U1,2,2026-02-01 00:00:00+00:00,2.04
2026-02-01 03:22:00+00:00,U1,2,2026-02-01 00:00:00+00:00,0.0
2026-02-01 03:23:00+00:00,U1,2,2026-02-01 00:00:00+00:00,0.54
2026-02-01 03:24:00+00:00,U1,2,2026-02-01 00:00:00+00:00,0.06
2026-02-01 03:25:00+00:00,U1,2,2026-02-01 00:00:00+00:00,0.48
2026-02-01 03:26:00+00:00,U1,2,2026-02-01 00:00:00+00:00,0.2
2026-02-01 03:27:00+00:00,U1,2,2026-02-01 00:00:00+00:00,1.09
2026-02-01 03:28:00+00:00,U1,2,2026-02-01 00:00:00+00:00,0.0
2026-02-01 03:29:00+00:00,U1,2,2026-02-01 00:00:00+00:00,0.0
2026-02-01 03:30:00+00:00,U1,2,2026-02-01 00:00:00+00:00,2.5
2026-02-01 03:31:00+00:00,U1,2,2026-02-01 00:00:00+00:00,3.19
2026-02-01 03:32:00+00:00,U1,2,2026-02-01 00:00:00+00:00,5.88
2026-02-01 03:33:00+00:00,U1,2,2026-02-01 00:00:00+00:00,5.71
2026-02-01 03:34:00+00:00,U1,2,2026-02-01 00:00:00+00:00,7.97
2026-02-01 03:35:00+00:00,U1,2,2026-02-01 00:00:00+00:00,10.5
2026-02-01 03:36:00+00:00,U1,2,2026-02-01 00:00:00+00:00,12.14
2026-02-01 03:37:00+00:00,U1,2,2026-02-01 00:00:00+00:00,15.62
2026-02-01 03:38:00+00:00,U1,2,2026-02-01 00:00:00+00:00,19.1
2026-02-01 03:39:00+00:00,U1,2,2026-02-01 00:00:00+00:00,22.92
2026-02-01 03:40:00+00:00,U1,2,2026-02-01 00:00:00+00:00,26.11
2026-02-01 03:41:00+00:00,U1,2,2026-02-01 00:00:00+00:00,28.37
2026-02-01 03:42:00+00:00,U1,2,2026-02-01 00:00:00+00:00,34.3
2026-02-01 03:43:00+00:00,U1,2,2026-02-01 00:00:00+00:00,37.52
2026-02-01 03:44:00+00:00,U1,2,2026-02-01 00:00:00+00:00,43.81
2026-02-01 03:45:00+00:00,U1,2,2026-02-01 00:00:00+00:00,45.45
2026-02-01 03:46:00+00:00,U1,2,2026-02-01 00:00:00+00:00,48.58
2026-02-01 03:47:00+00:00,U1,2,2026-02-01 00:00:00+00:00,47.61
2026-02-01 03:48:00+00:00,U1,2,2026-02-01 00:00:00+00:00,48.43
2026-02-01 03:49:00+00:00,U1,2,2026-02-01 00:00:00+00:00,50.03
2026-02-01 03:50:00+00:00,U1,2,2026-02-01 00:00:00+00:00,48.74
2026-02-01 03:51:00+00:00,U1,2,2026-02-01 00:00:00+00:00,53.8
2026-02-01 03:52:00+00:00,U1,2,2026-02-01 00:00:00+00:00,55.65
2026-02-01 03:53:00+00:00,U1,2,2026-02-01 00:00:00+00:00,55.35
2026-02-01 03:54:00+00:00,U1,2,2026-02-01 00:00:00+00:00,61.07
2026-02-01 03:55:00+00:00,U1,2,2026-02-01 00:00:00+00:00,68.93
2026-02-01 03:56:00+00:00,U1,2,2026-02-01 00:00:00+00:00,76.76
2026-02-01 03:57:00+00:00,U1,2,2026-02-01 00:00:00+00:00,75.74
2026-02-01 03:58:00+00:00,U1,2,2026-02-01 00:00:00+00:00,87.68
2026-02-01 03:59:00+00:00,U1,2,2026-02-01 00:00:00+00:00,93.96
2026-03-01 00:00:00+00:00,U1,3,2026-03-01 00:00:00+00:00,0.63
2026-03-01 00:01:00+00:00,U1,3,2026-03-01 00:00:00+00:00,2.59
2026-03-01 00:02:00+00:00,U1,3,2026-03-01 00:00:00+00:00,2.5
2026-03-01 00:03:00+00:00,U1,3,2026-03-01 00:00:00+00:00,6.52
2026-03-01 00:04:00+00:00,U1,3,2026-03-01 00:00:00+00:00,5.29
2026-03-01 00:05:00+00:00,U1,3,2026-03-01 00:00:00+00:00,7.59
2026-03-01 00:06:00+00:00,U1,3,2026-03-01 00:00:00+00:00,9.36
2026-03-01 00:07:00+00:00,U1,3,2026-03-01 00:00:00+00:00,10.06
2026-03-01 00:08:00+00:00,U1,3,2026-03-01 00:00:00+00:00,12.46
2026-03-01 00:09:00+00:00,U1,3,2026-03-01 00:00:00+00:00,13.49
2026-03-01 00:10:00+00:00,U1,3,2026-03-01 00:00:00+00:00,15.85
2026-03-01 00:11:00+00:00,U1,3,2026-03-01 00:00:00+00:00,18.29
2026-03-01 00:12:00+00:00,U1,3,2026-03-01 00:00:00+00:00,18.87
2026-03-01 00:13:00+00:00,U1,3,2026-03-01 00:00:00+00:00,21.02
2026-03-01 00:14:00+00:00,U1,3,2026-03-01 00:00:00+00:00,21.99
2026-03-01 00:15:00+00:00,U1,3,2026-03-01 00:00:00+00:00,20.37
2026-03-01 00:16:00+00:00,U1,3,2026-03-01 00:00:00+00:00,17.56
2026-03-01 00:17:00+00:00,U1,3,2026-03-01 00:00:00+00:00,15.61
2026-03-01 00:18:00+00:00,U1,3,2026-03-01 00:00:00+00:00,12.96
2026-03-01 00:19:00+00:00,U1,3,2026-03-01 00:00:00+00:00,9.66
2026-03-01 00:20:00+00:00,U1,3,2026-03-01 00:00:00+00:00,7.72
2026-03-01 00:21:00+00:00,U1,3,2026-03-01 00:00:00+00:00,5.51
2026-03-01 00:22:00+00:00,U1,3,2026-03-01 00:00:00+00:00,3.86
2026-03-01 00:23:00+00:00,U1,3,2026-03-01 00:00:00+00:00,0.98
2026-03-01 00:24:00+00:00,U1,3,2026-03-01 00:00:00+00:00,0.64
2026-03-01 00:25:00+00:00,U1,3,2026-03-01 00:00:00+00:00,0.0
2026-03-01 00:26:00+00:00,U1,3,2026-03-01 00:00:00+00:00,0.0
2026-03-01 00:27:00+00:00,U1,3,2026-03-01 00:00:00+00:00,0.0
2026-03-01 00:28:00+00:00,U1,3,2026-03-01 00:00:00+00:00,0.0
2026-03-01 00:29:00+00:00,U1,3,2026-03-01 00:00:00+00:00,0.0
2026-03-01 00:30:00+00:00,U1,3,2026-03-01 00:00:00+00:00,1.67
2026-03-01 00:31:00+00:00,U1,3,2026-03-01 00:00:00+00:00,3.0
2026-03-01 00:32:00+00:00,U1,3,2026-03-01 00:00:00+00:00,2.93
2026-03-01 00:33:00+00:00,U1,3,2026-03-01 00:00:00+00:00,6.18
2026-03-01 00:34:00+00:00,U1,3,2026-03-01 00:00:00+00:00,7.11
2026-03-01 00:35:00+00:00,U1,3,2026-03-01 00:00:00+00:00,10.45
2026-03-01 00:36:00+00:00,U1,3,2026-03-01 00:00:00+00:00,12.91
2026-03-01 00:37:00+00:00,U1,3,2026-03-01 00:00:00+00:00,16.02
2026-03-01 00:38:00+00:00,U1,3,2026-03-01 00:00:00+00:00,19.17
2026-03-01 00:39:00+00:00,U1,3,2026-03-01 00:00:00+00:00,21.7
2026-03-01 00:40:00+00:00,U1,3,2026-03-01 00:00:00+00:00,24.25
2026-03-01 00:41:00+00:00,U1,3,2026-03-01 00:00:00+00:00,28.9
2026-03-01 00:42:00+00:00,U1,3,2026-03-01 00:00:00+00:00,30.91
2026-03-01 00:43:00+00:00,U1,3,2026-03-01 00:00:00+00:00,36.44
2026-03-01 00:44:00+00:00,U1,3,2026-03-01 00:00:00+00:00,40.94
2026-03-01 00:45:00+00:00,U1,3,2026-03-01 00:00:00+00:00,41.05
2026-03-01 00:46:00+00:00,U1,3,2026-03-01 00:00:00+00:00,41.72
2026-03-01 00:47:00+00:00,U1,3,2026-03-01 00:00:00+00:00,45.8
2026-03-01 00:48:00+00:00,U1,3,2026-03-01 00:00:00+00:00,47.29
2026-03-01 00:49:00+00:00,U1,3,2026-03-01 00:00:00+00:00,47.37
2026-03-01 00:50:00+00:00,U1,3,2026-03-01 00:00:00+00:00,48.01
2026-03-01 00:51:00+00:00,U1,3,2026-03-01 00:00:00+00:00,48.14
2026-03-01 00:52:00+00:00,U1,3,2026-03-01 00:00:00+00:00,49.29
2026-03-01 00:53:00+00:00,U1,3,2026-03-01 00:00:00+00:00,51.6
2026-03-01 00:54:00+00:00,U1,3,2026-03-01 00:00:00+00:00,51.04
2026-03-01 00:55:00+00:00,U1,3,2026-03-01 00:00:00+00:00,50.04
2026-03-01 00:56:00+00:00,U1,3,2026-03-01 00:00:00+00:00,54.99
2026-03-01 00:57:00+00:00,U1,3,2026-03-01 00:00:00+00:00,57.88
2026-03-01 00:58:00+00:00,U1,3,2026-03-01 00:00:00+00:00,59.38
2026-03-01 00:59:00+00:00,U1,3,2026-03-01 00:00:00+00:00,66.73
2026-03-01 01:00:00+00:00,U1,3,2026-03-01 00:00:00+00:00,67.62
2026-03-01 01:01:00+00:00,U1,3,2026-03-01 00:00:00+00:00,56.5
2026-03-01 01:02:00+00:00,U1,3,2026-03-01 00:00:00+00:00,54.83
2026-03-01 01:03:00+00:00,U1,3,2026-03-01 00:00:00+00:00,48.23
2026-03-01 01:04:00+00:00,U1,3,2026-03-01 00:00:00+00:00,44.71
2026-03-01 01:05:00+00:00,U1,3,2026-03-01 00:00:00+00:00,42.4
2026-03-01 01:06:00+00:00,U1,3,2026-03-01 00:00:00+00:00,39.08
2026-03-01 01:07:00+00:00,U1,3,2026-03-01 00:00:00+00:00,37.12
2026-03-01 01:08:00+00:00,U1,3,2026-03-01 00:00:00+00:00,36.6
2026-03-01 01:09:00+00:00,U1,3,2026-03-01 00:00:00+00:00,37.94
2026-03-01 01:10:00+00:00,U1,3,2026-03-01 00:00:00+00:00,36.42
2026-03-01 01:11:00+00:00,U1,3,2026-03-01 00:00:00+00:00,32.21
2026-03-01 01:12:00+00:00,U1,3,2026-03-01 00:00:00+00:00,30.59
2026-03-01 01:13:00+00:00,U1,3,2026-03-01 00:00:00+00:00,27.35
2026-03-01 01:14:00+00:00,U1,3,2026-03-01 00:00:00+00:00,23.98
2026-03-01 01:15:00+00:00,U1,3,2026-03-01 00:00:00+00:00,19.57
2026-03-01 01:16:00+00:00,U1,3,2026-03-01 00:00:00+00:00,17.06
2026-03-01 01:17:00+00:00,U1,3,2026-03-01 00:00:00+00:00,13.41
2026-03-01 01:18:00+00:00,U1,3,2026-03-01 00:00:00+00:00,9.88
2026-03-01 01:19:00+00:00,U1,3,2026-03-01 00:00:00+00:00,7.86
2026-03-01 01:20:00+00:00,U1,3,2026-03-01 00:00:00+00:00,4.79
2026-03-01 01:21:00+00:00,U1,3,2026-03-01 00:00:00+00:00,1.58
2026-03-01 01:22:00+00:00,U1,3,2026-03-01 00:00:00+00:00,0.04
2026-03-01 01:23:00+00:00,U1,3,2026-03-01 00:00:00+00:00,0.0
2026-03-01 01:24:00+00:00,U1,3,2026-03-01 00:00:00+00:00,0.0
2026-03-01 01:25:00+00:00,U1,3,2026-03-01 00:00:00+00:00,0.5
2026-03-01 01:26:00+00:00,U1,3,2026-03-01 00:00:00+00:00,0.01
2026-03-01 01:27:00+00:00,U1,3,2026-03-01 00:00:00+00:00,0.0
2026-03-01 01:28:00+00:00,U1,3,2026-03-01 00:00:00+00:00,0.0
2026-03-01 01:29:00+00:00,U1,3,2026-03-01 00:00:00+00:00,0.41
2026-03-01 01:30:00+00:00,U1,3,2026-03-01 00:00:00+00:00,0.0
2026-03-01 01:31:00+00:00,U1,3,2026-03-01 00:00:00+00:00,1.51
2026-03-01 01:32:00+00:00,U1,3,2026-03-01 00:00:00+00:00,2.79
2026-03-01 01:33:00+00:00,U1,3,2026-03-01 00:00:00+00:00,3.71
2026-03-01 01:34:00+00:00,U1,3,2026-03-01 00:00:00+00:00,3.21
2026-03-01 01:35:00+00:00,U1,3,2026-03-01 00:00:00+00:00,5.45
2026-03-01 01:36:00+00:00,U1,3,2026-03-01 00:00:00+00:00,7.04
2026-03-01 01:37:00+00:00,U1,3,2026-03-01 00:00:00+00:00,7.6
2026-03-01 01:38:00+00:00,U1,3,2026-03-01 00:00:00+00:00,8.63
2026-03-01 01:39:00+00:00,U1,3,2026-03-01 00:00:00+00:00,10.93
2026-03-01 01:40:00+00:00,U1,3,2026-03-01 00:00:00+00:00,11.27
2026-03-01 01:41:00+00:00,U1,3,2026-03-01 00:00:00+00:00,12.03
2026-03-01 01:42:00+00:00,U1,3,2026-03-01 00:00:00+00:00,13.34
2026-03-01 01:43:00+00:00,U1,3,2026-03-01 00:00:00+00:00,13.47
2026-03-01 01:44:00+00:00,U1,3,2026-03-01 00:00:00+00:00,14.28
2026-03-01 01:45:00+00:00,U1,3,2026-03-01 00:00:00+00:00,13.07
2026-03-01 01:46:00+00:00,U1,3,2026-03-01 00:00:00+00:00,9.8
2026-03-01 01:47:00+00:00,U1,3,2026-03-01 00:00:00+00:00,7.39
2026-03-01 01:48:00+00:00,U1,3,2026-03-01 00:00:00+00:00,5.06
2026-03-01 01:49:00+00:00,U1,3,2026-03-01 00:00:00+00:00,2.61
2026-03-01 01:50:00+00:00,U1,3,2026-03-01 00:00:00+00:00,0.89
2026-03-01 01:51:00+00:00,U1,3,2026-03-01 00:00:00+00:00,0.38
2026-03-01 01:52:00+00:00,U1,3,2026-03-01 00:00:00+00:00,0.0
2026-03-01 01:53:00+00:00,U1,3,2026-03-01 00:00:00+00:00,0.0
2026-03-01 01:54:00+00:00,U1,3,2026-03-01 00:00:00+00:00,0.05
2026-03-01 01:55:00+00:00,U1,3,2026-03-01 00:00:00+00:00,0.0
2026-03-01 01:56:00+00:00,U1,3,2026-03-01 00:00:00+00:00,0.0
2026-03-01 01:57:00+00:00,U1,3,2026-03-01 00:00:00+00:00,0.0
2026-03-01 01:58:00+00:00,U1,3,2026-03-01 00:00:00+00:00,0.0
2026-03-01 01:59:00+00:00,U1,3,2026-03-01 00:00:00+00:00,0.0
2026-03-01 02:00:00+00:00,U1,3,2026-03-01 00:00:00+00:00,1.07
2026-03-01 02:01:00+00:00,U1,3,2026-03-01 00:00:00+00:00,2.6
2026-03-01 02:02:00+00:00,U1,3,2026-03-01 00:00:00+00:00,5.92
2026-03-01 02:03:00+00:00,U1,3,2026-03-01 00:00:00+00:00,8.99
2026-03-01 02:04:00+00:00,U1,3,2026-03-01 00:00:00+00:00,12.0
2026-03-01 02:05:00+00:00,U1,3,2026-03-01 00:00:00+00:00,14.33
2026-03-01 02:06:00+00:00,U1,3,2026-03-01 00:00:00+00:00,18.08
2026-03-01 02:07:00+00:00,U1,3,2026-03-01 00:00:00+00:00,21.18
2026-03-01 02:08:00+00:00,U1,3,2026-03-01 00:00:00+00:00,25.75
2026-03-01 02:09:00+00:00,U1,3,2026-03-01 00:00:00+00:00,26.69
2026-03-01 02:10:00+00:00,U1,3,2026-03-01 00:00:00+00:00,32.07
2026-03-01 02:11:00+00:00,U1,3,2026-03-01 00:00:00+00:00,38.51
2026-03-01 02:12:00+00:00,U1,3,2026-03-01 00:00:00+00:00,42.59
2026-03-01 02:13:00+00:00,U1,3,2026-03-01 00:00:00+00:00,43.43
2026-03-01 02:14:00+00:00,U1,3,2026-03-01 00:00:00+00:00,52.65
2026-03-01 02:15:00+00:00,U1,3,2026-03-01 00:00:00+00:00,53.13
2026-03-01 02:16:00+00:00,U1,3,2026-03-01 00:00:00+00:00,53.62
2026-03-01 02:17:00+00:00,U1,3,2026-03-01 00:00:00+00:00,56.13
2026-03-01 02:18:00+00:00,U1,3,2026-03-01 00:00:00+00:00,64.48
2026-03-01 02:19:00+00:00,U1,3,2026-03-01 00:00:00+00:00,69.74
2026-03-01 02:20:00+00:00,U1,3,2026-03-01 00:00:00+00:00,77.18
2026-03-01 02:21:00+00:00,U1,3,2026-03-01 00:00:00+00:00,80.84
2026-03-01 02:22:00+00:00,U1,3,2026-03-01 00:00:00+00:00,80.37
2026-03-01 02:23:00+00:00,U1,3,2026-03-01 00:00:00+00:00,87.4
2026-03-01 02:24:00+00:00,U1,3,2026-03-01 00:00:00+00:00,89.47
2026-03-01 02:25:00+00:00,U1,3,2026-03-01 00:00:00+00:00,97.82
2026-03-01 02:26:00+00:00,U1,3,2026-03-01 00:00:00+00:00,111.61
2026-03-01 02:27:00+00:00,U1,3,2026-03-01 00:00:00+00:00,119.25
2026-03-01 02:28:00+00:00,U1,3,2026-03-01 00:00:00+00:00,133.63
2026-03-01 02:29:00+00:00,U1,3,2026-03-01 00:00:00+00:00,146.46
2026-03-01 02:30:00+00:00,U1,3,2026-03-01 00:00:00+00:00,146.2
2026-03-01 02:31:00+00:00,U1,3,2026-03-01 00:00:00+00:00,124.16
2026-03-01 02:32:00+00:00,U1,3,2026-03-01 00:00:00+00:00,121.89
2026-03-01 02:33:00+00:00,U1,3,2026-03-01 00:00:00+00:00,111.87
2026-03-01 02:34:00+00:00,U1,3,2026-03-01 00:00:00+00:00,102.6
2026-03-01 02:35:00+00:00,U1,3,2026-03-01 00:00:00+00:00,98.92
2026-03-01 02:36:00+00:00,U1,3,2026-03-01 00:00:00+00:00,88.65
2026-03-01 02:37:00+00:00,U1,3,2026-03-01 00:00:00+00:00,75.63
2026-03-01 02:38:00+00:00,U1,3,2026-03-01 00:00:00+00:00,72.66
2026-03-01 02:39:00+00:00,U1,3,2026-03-01 00:00:00+00:00,71.3
2026-03-01 02:40:00+00:00,U1,3,2026-03-01 00:00:00+00:00,57.61
2026-03-01 02:41:00+00:00,U1,3,2026-03-01 00:00:00+00:00,52.69
2026-03-01 02:42:00+00:00,U1,3,2026-03-01 00:00:00+00:00,44.63
2026-03-01 02:43:00+00:00,U1,3,2026-03-01 00:00:00+00:00,40.23
2026-03-01 02:44:00+00:00,U1,3,2026-03-01 00:00:00+00:00,39.39
2026-03-01 02:45:00+00:00,U1,3,2026-03-01 00:00:00+00:00,33.29
2026-03-01 02:46:00+00:00,U1,3,2026-03-01 00:00:00+00:00,23.48
2026-03-01 02:47:00+00:00,U1,3,2026-03-01 00:00:00+00:00,18.27
2026-03-01 02:48:00+00:00,U1,3,2026-03-01 00:00:00+00:00,13.39
2026-03-01 02:49:00+00:00,U1,3,2026-03-01 00:00:00+00:00,10.41
2026-03-01 02:50:00+00:00,U1,3,2026-03-01 00:00:00+00:00,7.85
2026-03-01 02:51:00+00:00,U1,3,2026-03-01 00:00:00+00:00,5.54
2026-03-01 02:52:00+00:00,U1,3,2026-03-01 00:00:00+00:00,2.36
2026-03-01 02:53:00+00:00,U1,3,2026-03-01 00:00:00+00:00,0.0
2026-03-01 02:54:00+00:00,U1,3,2026-03-01 00:00:00+00:00,0.0
2026-03-01 02:55:00+00:00,U1,3,2026-03-01 00:00:00+00:00,0.0
2026-03-01 02:56:00+00:00,U1,3,2026-03-01 00:00:00+00:00,0.76
2026-03-01 02:57:00+00:00,U1,3,2026-03-01 00:00:00+00:00,0.32
2026-03-01 02:58:00+00:00,U1,3,2026-03-01 00:00:00+00:00,0.61
2026-03-01 02:59:00+00:00,U1,3,2026-03-01 00:00:00+00:00,0.29
2026-03-01 03:00:00+00:00,U1,3,2026-03-01 00:00:00+00:00,2.36
2026-03-01 03:01:00+00:00,U1,3,2026-03-01 00:00:00+00:00,2.17
2026-03-01 03:02:00+00:00,U1,3,2026-03-01 00:00:00+00:00,3.21
2026-03-01 03:03:00+00:00,U1,3,2026-03-01 00:00:00+00:00,3.87
2026-03-01 03:04:00+00:00,U1,3,2026-03-01 00:00:00+00:00,4.73
2026-03-01 03:05:00+00:00,U1,3,2026-03-01 00:00:00+00:00,6.66
2026-03-01 03:06:00+00:00,U1,3,2026-03-01 00:00:00+00:00,7.74
2026-03-01 03:07:00+00:00,U1,3,2026-03-01 00:00:00+00:00,8.88
2026-03-01 03:08:00+00:00,U1,3,2026-03-01 00:00:00+00:00,9.66
2026-03-01 03:09:00+00:00,U1,3,2026-03-01 00:00:00+00:00,11.68
2026-03-01 03:10:00+00:00,U1,3,2026-03-01 00:00:00+00:00,11.79
2026-03-01 03:11:00+00:00,U1,3,2026-03-01 00:00:00+00:00,12.74
2026-03-01 03:12:00+00:00,U1,3,2026-03-01 00:00:00+00:00,14.54
2026-03-01 03:13:00+00:00,U1,3,2026-03-01 00:00:00+00:00,15.21
2026-03-01 03:14:00+00:00,U1,3,2026-03-01 00:00:00+00:00,16.44
2026-03-01 03:15:00+00:00,U1,3,2026-03-01 00:00:00+00:00,13.47
2026-03-01 03:16:00+00:00,U1,3,2026-03-01 00:00:00+00:00,10.33
2026-03-01 03:17:00+00:00,U1,3,2026-03-01 00:00:00+00:00,8.5
2026-03-01 03:18:00+00:00,U1,3,2026-03-01 00:00:00+00:00,5.67
2026-03-01 03:19:00+00:00,U1,3,2026-03-01 00:00:00+00:00,2.99
2026-03-01 03:20:00+00:00,U1,3,2026-03-01 00:00:00+00:00,1.01
2026-03-01 03:21:00+00:00,U1,3,2026-03-01 00:00:00+00:00,0.0
2026-03-01 03:22:00+00:00,U1,3,2026-03-01 00:00:00+00:00,0.05
2026-03-01 03:23:00+00:00,U1,3,2026-03-01 00:00:00+00:00,0.0
2026-03-01 03:24:00+00:00,U1,3,2026-03-01 00:00:00+00:00,0.12
2026-03-01 03:25:00+00:00,U1,3,2026-03-01 00:00:00+00:00,0.04
2026-03-01 03:26:00+00:00,U1,3,2026-03-01 00:00:00+00:00,0.0
2026-03-01 03:27:00+00:00,U1,3,2026-03-01 00:00:00+00:00,0.0
2026-03-01 03:28:00+00:00,U1,3,2026-03-01 00:00:00+00:00,0.0
2026-03-01 03:29:00+00:00,U1,3,2026-03-01 00:00:00+00:00,0.28
2026-03-01 03:30:00+00:00,U1,3,2026-03-01 00:00:00+00:00,0.62
2026-03-01 03:31:00+00:00,U1,3,2026-03-01 00:00:00+00:00,2.75
2026-03-01 03:32:00+00:00,U1,3,2026-03-01 00:00:00+00:00,3.25
2026-03-01 03:33:00+00:00,U1,3,2026-03-01 00:00:00+00:00,5.11
2026-03-01 03:34:00+00:00,U1,3,2026-03-01 00:00:00+00:00,7.33
2026-03-01 03:35:00+00:00,U1,3,2026-03-01 00:00:00+00:00,8.52
2026-03-01 03:36:00+00:00,U1,3,2026-03-01 00:00:00+00:00,11.06
2026-03-01 03:37:00+00:00,U1,3,2026-03-01 00:00:00+00:00,13.48
2026-03-01 03:38:00+00:00,U1,3,2026-03-01 00:00:00+00:00,16.1
2026-03-01 03:39:00+00:00,U1,3,2026-03-01 00:00:00+00:00,19.07
2026-03-01 03:40:00+00:00,U1,3,2026-03-01 00:00:00+00:00,22.83
2026-03-01 03:41:00+00:00,U1,3,2026-03-01 00:00:00+00:00,25.08
2026-03-01 03:42:00+00:00,U1,3,2026-03-01 00:00:00+00:00,30.1
2026-03-01 03:43:00+00:00,U1,3,2026-03-01 00:00:00+00:00,37.16
2026-03-01 03:44:00+00:00,U1,3,2026-03-01 00:00:00+00:00,42.03
2026-03-01 03:45:00+00:00,U1,3,2026-03-01 00:00:00+00:00,43.15
2026-03-01 03:46:00+00:00,U1,3,2026-03-01 00:00:00+00:00,46.77
2026-03-01 03:47:00+00:00,U1,3,2026-03-01 00:00:00+00:00,53.44
2026-03-01 03:48:00+00:00,U1,3,2026-03-01 00:00:00+00:00,56.87
2026-03-01 03:49:00+00:00,U1,3,2026-03-01 00:00:00+00:00,60.57
2026-03-01 03:50:00+00:00,U1,3,2026-03-01 00:00:00+00:00,62.85
2026-03-01 03:51:00+00:00,U1,3,2026-03-01 00:00:00+00:00,70.0
2026-03-01 03:52:00+00:00,U1,3,2026-03-01 00:00:00+00:00,70.96
2026-03-01 03:53:00+00:00,U1,3,2026-03-01 00:00:00+00:00,81.54
2026-03-01 03:54:00+00:00,U1,3,2026-03-01 00:00:00+00:00,82.71
2026-03-01 03:55:00+00:00,U1,3,2026-03-01 00:00:00+00:00,93.65
2026-03-01 03:56:00+00:00,U1,3,2026-03-01 00:00:00+00:00,100.68
2026-03-01 03:57:00+00:00,U1,3,2026-03-01 00:00:00+00:00,111.02
2026-03-01 03:58:00+00:00,U1,3,2026-03-01 00:00:00+00:00,111.85
2026-03-01 03:59:00+00:00,U1,3,2026-03-01 00:00:00+00:00,110.97
2026-04-01 00:00:00+00:00,U1,4,2026-04-01 00:00:00+00:00,2.24
2026-04-01 00:01:00+00:00,U1,4,2026-04-01 00:00:00+00:00,3.29
2026-04-01 00:02:00+00:00,U1,4,2026-04-01 00:00:00+00:00,3.39
2026-04-01 00:03:00+00:00,U1,4,2026-04-01 00:00:00+00:00,5.88
2026-04-01 00:04:00+00:00,U1,4,2026-04-01 00:00:00+00:00,8.21
2026-04-01 00:05:00+00:00,U1,4,2026-04-01 00:00:00+00:00,8.46
2026-04-01 00:06:00+00:00,U1,4,2026-04-01 00:00:00+00:00,9.41
2026-04-01 00:07:00+00:00,U1,4,2026-04-01 00:00:00+00:00,11.18
2026-04-01 00:08:00+00:00,U1,4,2026-04-01 00:00:00+00:00,11.52
2026-04-01 00:09:00+00:00,U1,4,2026-04-01 00:00:00+00:00,13.02
2026-04-01 00:10:00+00:00,U1,4,2026-04-01 00:00:00+00:00,13.81
2026-04-01 00:11:00+00:00,U1,4,2026-04-01 00:00:00+00:00,14.91
2026-04-01 00:12:00+00:00,U1,4,2026-04-01 00:00:00+00:00,16.67
2026-04-01 00:13:00+00:00,U1,4,2026-04-01 00:00:00+00:00,18.35
2026-04-01 00:14:00+00:00,U1,4,2026-04-01 00:00:00+00:00,18.7
2026-04-01 00:15:00+00:00,U1,4,2026-04-01 00:00:00+00:00,16.4
2026-04-01 00:16:00+00:00,U1,4,2026-04-01 00:00:00+00:00,13.52
2026-04-01 00:17:00+00:00,U1,4,2026-04-01 00:00:00+00:00,10.95
2026-04-01 00:18:00+00:00,U1,4,2026-04-01 00:00:00+00:00,8.61
2026-04-01 00:19:00+00:00,U1,4,2026-04-01 00:00:00+00:00,6.32
2026-04-01 00:20:00+00:00,U1,4,2026-04-01 00:00:00+00:00,4.83
2026-04-01 00:21:00+00:00,U1,4,2026-04-01 00:00:00+00:00,2.38
2026-04-01 00:22:00+00:00,U1,4,2026-04-01 00:00:00+00:00,0.51
2026-04-01 00:23:00+00:00,U1,4,2026-04-01 00:00:00+00:00,0.0
2026-04-01 00:24:00+00:00,U1,4,2026-04-01 00:00:00+00:00,0.36
2026-04-01 00:25:00+00:00,U1,4,2026-04-01 00:00:00+00:00,0.33
2026-04-01 00:26:00+00:00,U1,4,2026-04-01 00:00:00+00:00,0.14
2026-04-01 00:27:00+00:00,U1,4,2026-04-01 00:00:00+00:00,0.33
2026-04-01 00:28:00+00:00,U1,4,2026-04-01 00:00:00+00:00,0.0
2026-04-01 00:29:00+00:00,U1,4,2026-04-01 00:00:00+00:00,0.0
2026-04-01 00:30:00+00:00,U1,4,2026-04-01 00:00:00+00:00,1.15
2026-04-01 00:31:00+00:00,U1,4,2026-04-01 00:00:00+00:00,3.54
2026-04-01 00:32:00+00:00,U1,4,2026-04-01 00:00:00+00:00,5.54
2026-04-01 00:33:00+00:00,U1,4,2026-04-01 00:00:00+00:00,7.89
2026-04-01 00:34:00+00:00,U1,4,2026-04-01 00:00:00+00:00,9.73
2026-04-01 00:35:00+00:00,U1,4,2026-04-01 00:00:00+00:00,13.16
2026-04-01 00:36:00+00:00,U1,4,2026-04-01 00:00:00+00:00,14.93
2026-04-01 00:37:00+00:00,U1,4,2026-04-01 00:00:00+00:00,17.06
2026-04-01 00:38:00+00:00,U1,4,2026-04-01 00:00:00+00:00,18.62
2026-04-01 00:39:00+00:00,U1,4,2026-04-01 00:00:00+00:00,19.5
2026-04-01 00:40:00+00:00,U1,4,2026-04-01 00:00:00+00:00,22.61
2026-04-01 00:41:00+00:00,U1,4,2026-04-01 00:00:00+00:00,25.72
2026-04-01 00:42:00+00:00,U1,4,2026-04-01 00:00:00+00:00,26.74
2026-04-01 00:43:00+00:00,U1,4,2026-04-01 00:00:00+00:00,32.42
2026-04-01 00:44:00+00:00,U1,4,2026-04-01 00:00:00+00:00,34.49
2026-04-01 00:45:00+00:00,U1,4,2026-04-01 00:00:00+00:00,35.0
2026-04-01 00:46:00+00:00,U1,4,2026-04-01 00:00:00+00:00,34.94
2026-04-01 00:47:00+00:00,U1,4,2026-04-01 00:00:00+00:00,35.62
2026-04-01 00:48:00+00:00,U1,4,2026-04-01 00:00:00+00:00,37.49
2026-04-01 00:49:00+00:00,U1,4,2026-04-01 00:00:00+00:00,39.77
2026-04-01 00:50:00+00:00,U1,4,2026-04-01 00:00:00+00:00,40.95
2026-04-01 00:51:00+00:00,U1,4,2026-04-01 00:00:00+00:00,43.49
2026-04-01 00:52:00+00:00,U1,4,2026-04-01 00:00:00+00:00,45.93
2026-04-01 00:53:00+00:00,U1,4,2026-04-01 00:00:00+00:00,44.92
2026-04-01 00:54:00+00:00,U1,4,2026-04-01 00:00:00+00:00,44.94
2026-04-01 00:55:00+00:00,U1,4,2026-04-01 00:00:00+00:00,45.93
2026-04-01 00:56:00+00:00,U1,4,2026-04-01 00:00:00+00:00,45.14
2026-04-01 00:57:00+00:00,U1,4,2026-04-01 00:00:00+00:00,45.82
2026-04-01 00:58:00+00:00,U1,4,2026-04-01 00:00:00+00:00,48.45
2026-04-01 00:59:00+00:00,U1,4,2026-04-01 00:00:00+00:00,50.77
2026-04-01 01:00:00+00:00,U1,4,2026-04-01 00:00:00+00:00,44.93
2026-04-01 01:01:00+00:00,U1,4,2026-04-01 00:00:00+00:00,42.48
2026-04-01 01:02:00+00:00,U1,4,2026-04-01 00:00:00+00:00,37.75
2026-04-01 01:03:00+00:00,U1,4,2026-04-01 00:00:00+00:00,36.17
2026-04-01 01:04:00+00:00,U1,4,2026-04-01 00:00:00+00:00,31.17
2026-04-01 01:05:00+00:00,U1,4,2026-04-01 00:00:00+00:00,28.05
2026-04-01 01:06:00+00:00,U1,4,2026-04-01 00:00:00+00:00,28.13
2026-04-01 01:07:00+00:00,U1,4,2026-04-01 00:00:00+00:00,30.82
2026-04-01 01:08:00+00:00,U1,4,2026-04-01 00:00:00+00:00,25.46
2026-04-01 01:09:00+00:00,U1,4,2026-04-01 00:00:00+00:00,21.66
2026-04-01 01:10:00+00:00,U1,4,2026-04-01 00:00:00+00:00,21.41
2026-04-01 01:11:00+00:00,U1,4,2026-04-01 00:00:00+00:00,19.42
2026-04-01 01:12:00+00:00,U1,4,2026-04-01 00:00:00+00:00,18.09
2026-04-01 01:13:00+00:00,U1,4,2026-04-01 00:00:00+00:00,16.39
2026-04-01 01:14:00+00:00,U1,4,2026-04-01 00:00:00+00:00,16.51
2026-04-01 01:15:00+00:00,U1,4,2026-04-01 00:00:00+00:00,12.47
2026-04-01 01:16:00+00:00,U1,4,2026-04-01 00:00:00+00:00,9.62
2026-04-01 01:17:00+00:00,U1,4,2026-04-01 00:00:00+00:00,5.55
2026-04-01 01:18:00+00:00,U1,4,2026-04-01 00:00:00+00:00,1.5
2026-04-01 01:19:00+00:00,U1,4,2026-04-01 00:00:00+00:00,0.55
2026-04-01 01:20:00+00:00,U1,4,2026-04-01 00:00:00+00:00,0.0
2026-04-01 01:21:00+00:00,U1,4,2026-04-01 00:00:00+00:00,0.05
2026-04-01 01:22:00+00:00,U1,4,2026-04-01 00:00:00+00:00,0.48
2026-04-01 01:23:00+00:00,U1,4,2026-04-01 00:00:00+00:00,0.21
2026-04-01 01:24:00+00:00,U1,4,2026-04-01 00:00:00+00:00,0.5
2026-04-01 01:25:00+00:00,U1,4,2026-04-01 00:00:00+00:00,0.0
2026-04-01 01:26:00+00:00,U1,4,2026-04-01 00:00:00+00:00,0.0
2026-04-01 01:27:00+00:00,U1,4,2026-04-01 00:00:00+00:00,0.41
2026-04-01 01:28:00+00:00,U1,4,2026-04-01 00:00:00+00:00,0.52
2026-04-01 01:29:00+00:00,U1,4,2026-04-01 00:00:00+00:00,0.56
2026-04-01 01:30:00+00:00,U1,4,2026-04-01 00:00:00+00:00,0.66
2026-04-01 01:31:00+00:00,U1,4,2026-04-01 00:00:00+00:00,1.47
2026-04-01 01:32:00+00:00,U1,4,2026-04-01 00:00:00+00:00,2.45
2026-04-01 01:33:00+00:00,U1,4,2026-04-01 00:00:00+00:00,4.37
2026-04-01 01:34:00+00:00,U1,4,2026-04-01 00:00:00+00:00,5.43
2026-04-01 01:35:00+00:00,U1,4,2026-04-01 00:00:00+00:00,5.69
2026-04-01 01:36:00+00:00,U1,4,2026-04-01 00:00:00+00:00,8.28
2026-04-01 01:37:00+00:00,U1,4,2026-04-01 00:00:00+00:00,7.81
2026-04-01 01:38:00+00:00,U1,4,2026-04-01 00:00:00+00:00,9.27
2026-04-01 01:39:00+00:00,U1,4,2026-04-01 00:00:00+00:00,10.98
2026-04-01 01:40:00+00:00,U1,4,2026-04-01 00:00:00+00:00,11.74
2026-04-01 01:41:00+00:00,U1,4,2026-04-01 00:00:00+00:00,12.65
2026-04-01 01:42:00+00:00,U1,4,2026-04-01 00:00:00+00:00,13.56
2026-04-01 01:43:00+00:00,U1,4,2026-04-01 00:00:00+00:00,16.13
2026-04-01 01:44:00+00:00,U1,4,2026-04-01 00:00:00+00:00,16.94
2026-04-01 01:45:00+00:00,U1,4,2026-04-01 00:00:00+00:00,14.27
2026-04-01 01:46:00+00:00,U1,4,2026-04-01 00:00:00+00:00,10.98
2026-04-01 01:47:00+00:00,U1,4,2026-04-01 00:00:00+00:00,8.99
2026-04-01 01:48:00+00:00,U1,4,2026-04-01 00:00:00+00:00,7.52
2026-04-01 01:49:00+00:00,U1,4,2026-04-01 00:00:00+00:00,4.52
2026-04-01 01:50:00+00:00,U1,4,2026-04-01 00:00:00+00:00,2.36
2026-04-01 01:51:00+00:00,U1,4,2026-04-01 00:00:00+00:00,1.13
2026-04-01 01:52:00+00:00,U1,4,2026-04-01 00:00:00+00:00,0.0
2026-04-01 01:53:00+00:00,U1,4,2026-04-01 00:00:00+00:00,0.0
2026-04-01 01:54:00+00:00,U1,4,2026-04-01 00:00:00+00:00,0.48
2026-04-01 01:55:00+00:00,U1,4,2026-04-01 00:00:00+00:00,0.0
2026-04-01 01:56:00+00:00,U1,4,2026-04-01 00:00:00+00:00,0.0
2026-04-01 01:57:00+00:00,U1,4,2026-04-01 00:00:00+00:00,1.17
2026-04-01 01:58:00+00:00,U1,4,2026-04-01 00:00:00+00:00,0.15
2026-04-01 01:59:00+00:00,U1,4,2026-04-01 00:00:00+00:00,0.45
2026-04-01 02:00:00+00:00,U1,4,2026-04-01 00:00:00+00:00,1.26
2026-04-01 02:01:00+00:00,U1,4,2026-04-01 00:00:00+00:00,2.94
2026-04-01 02:02:00+00:00,U1,4,2026-04-01 00:00:00+00:00,4.7
2026-04-01 02:03:00+00:00,U1,4,2026-04-01 00:00:00+00:00,7.13
2026-04-01 02:04:00+00:00,U1,4,2026-04-01 00:00:00+00:00,8.93
2026-04-01 02:05:00+00:00,U1,4,2026-04-01 00:00:00+00:00,11.24
2026-04-01 02:06:00+00:00,U1,4,2026-04-01 00:00:00+00:00,13.91
2026-04-01 02:07:00+00:00,U1,4,2026-04-01 00:00:00+00:00,17.52
2026-04-01 02:08:00+00:00,U1,4,2026-04-01 00:00:00+00:00,19.88
2026-04-01 02:09:00+00:00,U1,4,2026-04-01 00:00:00+00:00,23.35
2026-04-01 02:10:00+00:00,U1,4,2026-04-01 00:00:00+00:00,27.93
2026-04-01 02:11:00+00:00,U1,4,2026-04-01 00:00:00+00:00,31.88
2026-04-01 02:12:00+00:00,U1,4,2026-04-01 00:00:00+00:00,38.91
2026-04-01 02:13:00+00:00,U1,4,2026-04-01 00:00:00+00:00,40.34
2026-04-01 02:14:00+00:00,U1,4,2026-04-01 00:00:00+00:00,46.07
2026-04-01 02:15:00+00:00,U1,4,2026-04-01 00:00:00+00:00,49.89
2026-04-01 02:16:00+00:00,U1,4,2026-04-01 00:00:00+00:00,55.14
2026-04-01 02:17:00+00:00,U1,4,2026-04-01 00:00:00+00:00,53.92
2026-04-01 02:18:00+00:00,U1,4,2026-04-01 00:00:00+00:00,54.87
2026-04-01 02:19:00+00:00,U1,4,2026-04-01 00:00:00+00:00,64.02
2026-04-01 02:20:00+00:00,U1,4,2026-04-01 00:00:00+00:00,74.94
2026-04-01 02:21:00+00:00,U1,4,2026-04-01 00:00:00+00:00,72.99
2026-04-01 02:22:00+00:00,U1,4,2026-04-01 00:00:00+00:00,81.5
2026-04-01 02:23:00+00:00,U1,4,2026-04-01 00:00:00+00:00,91.59
2026-04-01 02:24:00+00:00,U1,4,2026-04-01 00:00:00+00:00,102.68
2026-04-01 02:25:00+00:00,U1,4,2026-04-01 00:00:00+00:00,111.25
2026-04-01 02:26:00+00:00,U1,4,2026-04-01 00:00:00+00:00,117.65
2026-04-01 02:27:00+00:00,U1,4,2026-04-01 00:00:00+00:00,118.46
2026-04-01 02:28:00+00:00,U1,4,2026-04-01 00:00:00+00:00,136.83
2026-04-01 02:29:00+00:00,U1,4,2026-04-01 00:00:00+00:00,149.9
2026-04-01 02:30:00+00:00,U1,4,2026-04-01 00:00:00+00:00,141.81
2026-04-01 02:31:00+00:00,U1,4,2026-04-01 00:00:00+00:00,122.45
2026-04-01 02:32:00+00:00,U1,4,2026-04-01 00:00:00+00:00,123.19
2026-04-01 02:33:00+00:00,U1,4,2026-04-01 00:00:00+00:00,110.7
2026-04-01 02:34:00+00:00,U1,4,2026-04-01 00:00:00+00:00,103.64
2026-04-01 02:35:00+00:00,U1,4,2026-04-01 00:00:00+00:00,97.41
2026-04-01 02:36:00+00:00,U1,4,2026-04-01 00:00:00+00:00,94.27
2026-04-01 02:37:00+00:00,U1,4,2026-04-01 00:00:00+00:00,89.96
2026-04-01 02:38:00+00:00,U1,4,2026-04-01 00:00:00+00:00,85.13
2026-04-01 02:39:00+00:00,U1,4,2026-04-01 00:00:00+00:00,82.59
2026-04-01 02:40:00+00:00,U1,4,2026-04-01 00:00:00+00:00,76.5
2026-04-01 02:41:00+00:00,U1,4,2026-04-01 00:00:00+00:00,69.18
2026-04-01 02:42:00+00:00,U1,4,2026-04-01 00:00:00+00:00,57.91
2026-04-01 02:43:00+00:00,U1,4,2026-04-01 00:00:00+00:00,51.71
2026-04-01 02:44:00+00:00,U1,4,2026-04-01 00:00:00+00:00,46.88
2026-04-01 02:45:00+00:00,U1,4,2026-04-01 00:00:00+00:00,35.54
2026-04-01 02:46:00+00:00,U1,4,2026-04-01 00:00:00+00:00,31.52
2026-04-01 02:47:00+00:00,U1,4,2026-04-01 00:00:00+00:00,25.31
2026-04-01 02:48:00+00:00,U1,4,2026-04-01 00:00:00+00:00,19.71
2026-04-01 02:49:00+00:00,U1,4,2026-04-01 00:00:00+00:00,17.21
2026-04-01 02:50:00+00:00,U1,4,2026-04-01 00:00:00+00:00,15.07
2026-04-01 02:51:00+00:00,U1,4,2026-04-01 00:00:00+00:00,10.85
2026-04-01 02:52:00+00:00,U1,4,2026-04-01 00:00:00+00:00,8.66
2026-04-01 02:53:00+00:00,U1,4,2026-04-01 00:00:00+00:00,5.6
2026-04-01 02:54:00+00:00,U1,4,2026-04-01 00:00:00+00:00,1.62
2026-04-01 02:55:00+00:00,U1,4,2026-04-01 00:00:00+00:00,0.0
2026-04-01 02:56:00+00:00,U1,4,2026-04-01 00:00:00+00:00,0.0
2026-04-01 02:57:00+00:00,U1,4,2026-04-01 00:00:00+00:00,0.3
2026-04-01 02:58:00+00:00,U1,4,2026-04-01 00:00:00+00:00,0.0
2026-04-01 02:59:00+00:00,U1,4,2026-04-01 00:00:00+00:00,0.0
2026-04-01 03:00:00+00:00,U1,4,2026-04-01 00:00:00+00:00,1.53
2026-04-01 03:01:00+00:00,U1,4,2026-04-01 00:00:00+00:00,3.46
2026-04-01 03:02:00+00:00,U1,4,2026-04-01 00:00:00+00:00,4.29
2026-04-01 03:03:00+00:00,U1,4,2026-04-01 00:00:00+00:00,6.13
2026-04-01 03:04:00+00:00,U1,4,2026-04-01 00:00:00+00:00,6.99
2026-04-01 03:05:00+00:00,U1,4,2026-04-01 00:00:00+00:00,8.62
2026-04-01 03:06:00+00:00,U1,4,2026-04-01 00:00:00+00:00,10.98
2026-04-01 03:07:00+00:00,U1,4,2026-04-01 00:00:00+00:00,10.85
2026-04-01 03:08:00+00:00,U1,4,2026-04-01 00:00:00+00:00,13.2
2026-04-01 03:09:00+00:00,U1,4,2026-04-01 00:00:00+00:00,13.96
2026-04-01 03:10:00+00:00,U1,4,2026-04-01 00:00:00+00:00,14.21
2026-04-01 03:11:00+00:00,U1,4,2026-04-01 00:00:00+00:00,16.9
2026-04-01 03:12:00+00:00,U1,4,2026-04-01 00:00:00+00:00,16.6
2026-04-01 03:13:00+00:00,U1,4,2026-04-01 00:00:00+00:00,17.32
2026-04-01 03:14:00+00:00,U1,4,2026-04-01 00:00:00+00:00,18.47
2026-04-01 03:15:00+00:00,U1,4,2026-04-01 00:00:00+00:00,15.15
2026-04-01 03:16:00+00:00,U1,4,2026-04-01 00:00:00+00:00,14.14
2026-04-01 03:17:00+00:00,U1,4,2026-04-01 00:00:00+00:00,11.99
2026-04-01 03:18:00+00:00,U1,4,2026-04-01 00:00:00+00:00,10.04
2026-04-01 03:19:00+00:00,U1,4,2026-04-01 00:00:00+00:00,7.17
2026-04-01 03:20:00+00:00,U1,4,2026-04-01 00:00:00+00:00,4.46
2026-04-01 03:21:00+00:00,U1,4,2026-04-01 00:00:00+00:00,2.21
2026-04-01 03:22:00+00:00,U1,4,2026-04-01 00:00:00+00:00,0.0
2026-04-01 03:23:00+00:00,U1,4,2026-04-01 00:00:00+00:00,0.1
2026-04-01 03:24:00+00:00,U1,4,2026-04-01 00:00:00+00:00,0.49
2026-04-01 03:25:00+00:00,U1,4,2026-04-01 00:00:00+00:00,0.0
2026-04-01 03:26:00+00:00,U1,4,2026-04-01 00:00:00+00:00,0.49
2026-04-01 03:27:00+00:00,U1,4,2026-04-01 00:00:00+00:00,0.0
2026-04-01 03:28:00+00:00,U1,4,2026-04-01 00:00:00+00:00,0.34
2026-04-01 03:29:00+00:00,U1,4,2026-04-01 00:00:00+00:00,0.34
2026-04-01 03:30:00+00:00,U1,4,2026-04-01 00:00:00+00:00,1.11
2026-04-01 03:31:00+00:00,U1,4,2026-04-01 00:00:00+00:00,2.23
2026-04-01 03:32:00+00:00,U1,4,2026-04-01 00:00:00+00:00,4.34
2026-04-01 03:33:00+00:00,U1,4,2026-04-01 00:00:00+00:00,6.49
2026-04-01 03:34:00+00:00,U1,4,2026-04-01 00:00:00+00:00,7.57
2026-04-01 03:35:00+00:00,U1,4,2026-04-01 00:00:00+00:00,10.46
2026-04-01 03:36:00+00:00,U1,4,2026-04-01 00:00:00+00:00,12.59
2026-04-01 03:37:00+00:00,U1,4,2026-04-01 00:00:00+00:00,15.81
2026-04-01 03:38:00+00:00,U1,4,2026-04-01 00:00:00+00:00,17.12
2026-04-01 03:39:00+00:00,U1,4,2026-04-01 00:00:00+00:00,21.96
2026-04-01 03:40:00+00:00,U1,4,2026-04-01 00:00:00+00:00,23.16
2026-04-01 03:41:00+00:00,U1,4,2026-04-01 00:00:00+00:00,29.98
2026-04-01 03:42:00+00:00,U1,4,2026-04-01 00:00:00+00:00,32.7
2026-04-01 03:43:00+00:00,U1,4,2026-04-01 00:00:00+00:00,34.08
2026-04-01 03:44:00+00:00,U1,4,2026-04-01 00:00:00+00:00,37.97
2026-04-01 03:45:00+00:00,U1,4,2026-04-01 00:00:00+00:00,39.52
2026-04-01 03:46:00+00:00,U1,4,2026-04-01 00:00:00+00:00,37.9
2026-04-01 03:47:00+00:00,U1,4,2026-04-01 00:00:00+00:00,36.86
2026-04-01 03:48:00+00:00,U1,4,2026-04-01 00:00:00+00:00,39.53
2026-04-01 03:49:00+00:00,U1,4,2026-04-01 00:00:00+00:00,42.93
2026-04-01 03:50:00+00:00,U1,4,2026-04-01 00:00:00+00:00,46.42
2026-04-01 03:51:00+00:00,U1,4,2026-04-01 00:00:00+00:00,44.99
2026-04-01 03:52:00+00:00,U1,4,2026-04-01 00:00:00+00:00,49.27
2026-04-01 03:53:00+00:00,U1,4,2026-04-01 00:00:00+00:00,47.27
2026-04-01 03:54:00+00:00,U1,4,2026-04-01 00:00:00+00:00,52.45
2026-04-01 03:55:00+00:00,U1,4,2026-04-01 00:00:00+00:00,54.74
2026-04-01 03:56:00+00:00,U1,4,2026-04-01 00:00:00+00:00,53.6
2026-04-01 03:57:00+00:00,U1,4,2026-04-01 00:00:00+00:00,61.4
2026-04-01 03:58:00+00:00,U1,4,2026-04-01 00:00:00+00:00,59.4
2026-04-01 03:59:00+00:00,U1,4,2026-04-01 00:00:00+00:00,64.97
2026-05-01 00:00:00+00:00,U1,5,2026-05-01 00:00:00+00:00,0.3
2026-05-01 00:01:00+00:00,U1,5,2026-05-01 00:00:00+00:00,1.77
2026-05-01 00:02:00+00:00,U1,5,2026-05-01 00:00:00+00:00,3.87
2026-05-01 00:03:00+00:00,U1,5,2026-05-01 00:00:00+00:00,5.38
2026-05-01 00:04:00+00:00,U1,5,2026-05-01 00:00:00+00:00,8.11
2026-05-01 00:05:00+00:00,U1,5,2026-05-01 00:00:00+00:00,9.39
2026-05-01 00:06:00+00:00,U1,5,2026-05-01 00:00:00+00:00,10.98
2026-05-01 00:07:00+00:00,U1,5,2026-05-01 00:00:00+00:00,11.02
2026-05-01 00:08:00+00:00,U1,5,2026-05-01 00:00:00+00:00,12.94
2026-05-01 00:09:00+00:00,U1,5,2026-05-01 00:00:00+00:00,14.87
2026-05-01 00:10:00+00:00,U1,5,2026-05-01 00:00:00+00:00,15.06
2026-05-01 00:11:00+00:00,U1,5,2026-05-01 00:00:00+00:00,16.4
2026-05-01 00:12:00+00:00,U1,5,2026-05-01 00:00:00+00:00,17.05
2026-05-01 00:13:00+00:00,U1,5,2026-05-01 00:00:00+00:00,17.77
2026-05-01 00:14:00+00:00,U1,5,2026-05-01 00:00:00+00:00,19.02
2026-05-01 00:15:00+00:00,U1,5,2026-05-01 00:00:00+00:00,18.41
2026-05-01 00:16:00+00:00,U1,5,2026-05-01 00:00:00+00:00,14.74
2026-05-01 00:17:00+00:00,U1,5,2026-05-01 00:00:00+00:00,13.59
2026-05-01 00:18:00+00:00,U1,5,2026-05-01 00:00:00+00:00,10.98
2026-05-01 00:19:00+00:00,U1,5,2026-05-01 00:00:00+00:00,7.85
2026-05-01 00:20:00+00:00,U1,5,2026-05-01 00:00:00+00:00,6.02
2026-05-01 00:21:00+00:00,U1,5,2026-05-01 00:00:00+00:00,3.37
2026-05-01 00:22:00+00:00,U1,5,2026-05-01 00:00:00+00:00,1.85
2026-05-01 00:23:00+00:00,U1,5,2026-05-01 00:00:00+00:00,0.65
2026-05-01 00:24:00+00:00,U1,5,2026-05-01 00:00:00+00:00,0.01
2026-05-01 00:25:00+00:00,U1,5,2026-05-01 00:00:00+00:00,0.35
2026-05-01 00:26:00+00:00,U1,5,2026-05-01 00:00:00+00:00,0.0
2026-05-01 00:27:00+00:00,U1,5,2026-05-01 00:00:00+00:00,0.48
2026-05-01 00:28:00+00:00,U1,5,2026-05-01 00:00:00+00:00,0.0
2026-05-01 00:29:00+00:00,U1,5,2026-05-01 00:00:00+00:00,0.21
2026-05-01 00:30:00+00:00,U1,5,2026-05-01 00:00:00+00:00,1.13
2026-05-01 00:31:00+00:00,U1,5,2026-05-01 00:00:00+00:00,2.35
2026-05-01 00:32:00+00:00,U1,5,2026-05-01 00:00:00+00:00,2.8
2026-05-01 00:33:00+00:00,U1,5,2026-05-01 00:00:00+00:00,5.34
2026-05-01 00:34:00+00:00,U1,5,2026-05-01 00:00:00+00:00,7.0
2026-05-01 00:35:00+00:00,U1,5,2026-05-01 00:00:00+00:00,9.1
2026-05-01 00:36:00+00:00,U1,5,2026-05-01 00:00:00+00:00,12.06
2026-05-01 00:37:00+00:00,U1,5,2026-05-01 00:00:00+00:00,13.18
2026-05-01 00:38:00+00:00,U1,5,2026-05-01 00:00:00+00:00,17.09
2026-05-01 00:39:00+00:00,U1,5,2026-05-01 00:00:00+00:00,21.96
2026-05-01 00:40:00+00:00,U1,5,2026-05-01 00:00:00+00:00,23.84
2026-05-01 00:41:00+00:00,U1,5,2026-05-01 00:00:00+00:00,29.21
2026-05-01 00:42:00+00:00,U1,5,2026-05-01 00:00:00+00:00,31.46
2026-05-01 00:43:00+00:00,U1,5,2026-05-01 00:00:00+00:00,35.92
2026-05-01 00:44:00+00:00,U1,5,2026-05-01 00:00:00+00:00,40.09
2026-05-01 00:45:00+00:00,U1,5,2026-05-01 00:00:00+00:00,45.5
2026-05-01 00:46:00+00:00,U1,5,2026-05-01 00:00:00+00:00,46.79
2026-05-01 00:47:00+00:00,U1,5,2026-05-01 00:00:00+00:00,51.09
2026-05-01 00:48:00+00:00,U1,5,2026-05-01 00:00:00+00:00,56.22
2026-05-01 00:49:00+00:00,U1,5,2026-05-01 00:00:00+00:00,57.43
2026-05-01 00:50:00+00:00,U1,5,2026-05-01 00:00:00+00:00,66.87
2026-05-01 00:51:00+00:00,U1,5,2026-05-01 00:00:00+00:00,71.65
2026-05-01 00:52:00+00:00,U1,5,2026-05-01 00:00:00+00:00,74.57
2026-05-01 00:53:00+00:00,U1,5,2026-05-01 00:00:00+00:00,82.88
2026-05-01 00:54:00+00:00,U1,5,2026-05-01 00:00:00+00:00,80.65
2026-05-01 00:55:00+00:00,U1,5,2026-05-01 00:00:00+00:00,91.56
2026-05-01 00:56:00+00:00,U1,5,2026-05-01 00:00:00+00:00,106.72
2026-05-01 00:57:00+00:00,U1,5,2026-05-01 00:00:00+00:00,121.77
2026-05-01 00:58:00+00:00,U1,5,2026-05-01 00:00:00+00:00,138.51
2026-05-01 00:59:00+00:00,U1,5,2026-05-01 00:00:00+00:00,162.3
2026-05-01 01:00:00+00:00,U1,5,2026-05-01 00:00:00+00:00,140.41
2026-05-01 01:01:00+00:00,U1,5,2026-05-01 00:00:00+00:00,135.61
2026-05-01 01:02:00+00:00,U1,5,2026-05-01 00:00:00+00:00,127.04
2026-05-01 01:03:00+00:00,U1,5,2026-05-01 00:00:00+00:00,103.08
2026-05-01 01:04:00+00:00,U1,5,2026-05-01 00:00:00+00:00,83.76
2026-05-01 01:05:00+00:00,U1,5,2026-05-01 00:00:00+00:00,74.73
2026-05-01 01:06:00+00:00,U1,5,2026-05-01 00:00:00+00:00,65.53
2026-05-01 01:07:00+00:00,U1,5,2026-05-01 00:00:00+00:00,64.34
2026-05-01 01:08:00+00:00,U1,5,2026-05-01 00:00:00+00:00,56.63
2026-05-01 01:09:00+00:00,U1,5,2026-05-01 00:00:00+00:00,51.15
2026-05-01 01:10:00+00:00,U1,5,2026-05-01 00:00:00+00:00,49.25
2026-05-01 01:11:00+00:00,U1,5,2026-05-01 00:00:00+00:00,44.46
2026-05-01 01:12:00+00:00,U1,5,2026-05-01 00:00:00+00:00,36.73
2026-05-01 01:13:00+00:00,U1,5,2026-05-01 00:00:00+00:00,37.73
2026-05-01 01:14:00+00:00,U1,5,2026-05-01 00:00:00+00:00,34.96
2026-05-01 01:15:00+00:00,U1,5,2026-05-01 00:00:00+00:00,30.08
2026-05-01 01:16:00+00:00,U1,5,2026-05-01 00:00:00+00:00,23.95
2026-05-01 01:17:00+00:00,U1,5,2026-05-01 00:00:00+00:00,20.2
2026-05-01 01:18:00+00:00,U1,5,2026-05-01 00:00:00+00:00,16.07
2026-05-01 01:19:00+00:00,U1,5,2026-05-01 00:00:00+00:00,11.09
2026-05-01 01:20:00+00:00,U1,5,2026-05-01 00:00:00+00:00,9.08
2026-05-01 01:21:00+00:00,U1,5,2026-05-01 00:00:00+00:00,6.3
2026-05-01 01:22:00+00:00,U1,5,2026-05-01 00:00:00+00:00,3.78
2026-05-01 01:23:00+00:00,U1,5,2026-05-01 00:00:00+00:00,0.18
2026-05-01 01:24:00+00:00,U1,5,2026-05-01 00:00:00+00:00,0.51
2026-05-01 01:25:00+00:00,U1,5,2026-05-01 00:00:00+00:00,0.14
2026-05-01 01:26:00+00:00,U1,5,2026-05-01 00:00:00+00:00,0.28
2026-05-01 01:27:00+00:00,U1,5,2026-05-01 00:00:00+00:00,0.17
2026-05-01 01:28:00+00:00,U1,5,2026-05-01 00:00:00+00:00,0.0
2026-05-01 01:29:00+00:00,U1,5,2026-05-01 00:00:00+00:00,0.0
2026-05-01 01:30:00+00:00,U1,5,2026-05-01 00:00:00+00:00,1.12
2026-05-01 01:31:00+00:00,U1,5,2026-05-01 00:00:00+00:00,3.18
2026-05-01 01:32:00+00:00,U1,5,2026-05-01 00:00:00+00:00,3.29
2026-05-01 01:33:00+00:00,U1,5,2026-05-01 00:00:00+00:00,5.27
2026-05-01 01:34:00+00:00,U1,5,2026-05-01 00:00:00+00:00,6.41
2026-05-01 01:35:00+00:00,U1,5,2026-05-01 00:00:00+00:00,8.14
2026-05-01 01:36:00+00:00,U1,5,2026-05-01 00:00:00+00:00,9.96
2026-05-01 01:37:00+00:00,U1,5,2026-05-01 00:00:00+00:00,11.33
2026-05-01 01:38:00+00:00,U1,5,2026-05-01 00:00:00+00:00,13.23
2026-05-01 01:39:00+00:00,U1,5,2026-05-01 00:00:00+00:00,12.98
2026-05-01 01:40:00+00:00,U1,5,2026-05-01 00:00:00+00:00,14.44
2026-05-01 01:41:00+00:00,U1,5,2026-05-01 00:00:00+00:00,15.07
2026-05-01 01:42:00+00:00,U1,5,2026-05-01 00:00:00+00:00,15.31
2026-05-01 01:43:00+00:00,U1,5,2026-05-01 00:00:00+00:00,16.09
2026-05-01 01:44:00+00:00,U1,5,2026-05-01 00:00:00+00:00,17.97
2026-05-01 01:45:00+00:00,U1,5,2026-05-01 00:00:00+00:00,14.56
2026-05-01 01:46:00+00:00,U1,5,2026-05-01 00:00:00+00:00,12.4
2026-05-01 01:47:00+00:00,U1,5,2026-05-01 00:00:00+00:00,9.69
2026-05-01 01:48:00+00:00,U1,5,2026-05-01 00:00:00+00:00,5.87
2026-05-01 01:49:00+00:00,U1,5,2026-05-01 00:00:00+00:00,4.25
2026-05-01 01:50:00+00:00,U1,5,2026-05-01 00:00:00+00:00,1.6
2026-05-01 01:51:00+00:00,U1,5,2026-05-01 00:00:00+00:00,0.86
2026-05-01 01:52:00+00:00,U1,5,2026-05-01 00:00:00+00:00,0.08
2026-05-01 01:53:00+00:00,U1,5,2026-05-01 00:00:00+00:00,0.38
2026-05-01 01:54:00+00:00,U1,5,2026-05-01 00:00:00+00:00,0.41
2026-05-01 01:55:00+00:00,U1,5,2026-05-01 00:00:00+00:00,0.0
2026-05-01 01:56:00+00:00,U1,5,2026-05-01 00:00:00+00:00,1.07
2026-05-01 01:57:00+00:00,U1,5,2026-05-01 00:00:00+00:00,0.0
2026-05-01 01:58:00+00:00,U1,5,2026-05-01 00:00:00+00:00,0.0
2026-05-01 01:59:00+00:00,U1,5,2026-05-01 00:00:00+00:00,0.0
2026-05-01 02:00:00+00:00,U1,5,2026-05-01 00:00:00+00:00,1.65
2026-05-01 02:01:00+00:00,U1,5,2026-05-01 00:00:00+00:00,3.54
2026-05-01 02:02:00+00:00,U1,5,2026-05-01 00:00:00+00:00,4.46
2026-05-01 02:03:00+00:00,U1,5,2026-05-01 00:00:00+00:00,6.15
2026-05-01 02:04:00+00:00,U1,5,2026-05-01 00:00:00+00:00,8.18
2026-05-01 02:05:00+00:00,U1,5,2026-05-01 00:00:00+00:00,10.26
2026-05-01 02:06:00+00:00,U1,5,2026-05-01 00:00:00+00:00,11.24
2026-05-01 02:07:00+00:00,U1,5,2026-05-01 00:00:00+00:00,14.46
2026-05-01 02:08:00+00:00,U1,5,2026-05-01 00:00:00+00:00,15.28
2026-05-01 02:09:00+00:00,U1,5,2026-05-01 00:00:00+00:00,18.51
2026-05-01 02:10:00+00:00,U1,5,2026-05-01 00:00:00+00:00,21.61
2026-05-01 02:11:00+00:00,U1,5,2026-05-01 00:00:00+00:00,26.69
2026-05-01 02:12:00+00:00,U1,5,2026-05-01 00:00:00+00:00,30.24
2026-05-01 02:13:00+00:00,U1,5,2026-05-01 00:00:00+00:00,36.62
2026-05-01 02:14:00+00:00,U1,5,2026-05-01 00:00:00+00:00,41.49
2026-05-01 02:15:00+00:00,U1,5,2026-05-01 00:00:00+00:00,47.91
2026-05-01 02:16:00+00:00,U1,5,2026-05-01 00:00:00+00:00,51.47
2026-05-01 02:17:00+00:00,U1,5,2026-05-01 00:00:00+00:00,55.4
2026-05-01 02:18:00+00:00,U1,5,2026-05-01 00:00:00+00:00,60.82
2026-05-01 02:19:00+00:00,U1,5,2026-05-01 00:00:00+00:00,59.62
2026-05-01 02:20:00+00:00,U1,5,2026-05-01 00:00:00+00:00,58.84
2026-05-01 02:21:00+00:00,U1,5,2026-05-01 00:00:00+00:00,58.35
2026-05-01 02:22:00+00:00,U1,5,2026-05-01 00:00:00+00:00,56.12
2026-05-01 02:23:00+00:00,U1,5,2026-05-01 00:00:00+00:00,56.63
2026-05-01 02:24:00+00:00,U1,5,2026-05-01 00:00:00+00:00,60.97
2026-05-01 02:25:00+00:00,U1,5,2026-05-01 00:00:00+00:00,71.04
2026-05-01 02:26:00+00:00,U1,5,2026-05-01 00:00:00+00:00,75.78
2026-05-01 02:27:00+00:00,U1,5,2026-05-01 00:00:00+00:00,83.66
2026-05-01 02:28:00+00:00,U1,5,2026-05-01 00:00:00+00:00,83.55
2026-05-01 02:29:00+00:00,U1,5,2026-05-01 00:00:00+00:00,92.42
2026-05-01 02:30:00+00:00,U1,5,2026-05-01 00:00:00+00:00,76.68
2026-05-01 02:31:00+00:00,U1,5,2026-05-01 00:00:00+00:00,64.88
2026-05-01 02:32:00+00:00,U1,5,2026-05-01 00:00:00+00:00,56.19
2026-05-01 02:33:00+00:00,U1,5,2026-05-01 00:00:00+00:00,50.88
2026-05-01 02:34:00+00:00,U1,5,2026-05-01 00:00:00+00:00,43.2
2026-05-01 02:35:00+00:00,U1,5,2026-05-01 00:00:00+00:00,40.08
2026-05-01 02:36:00+00:00,U1,5,2026-05-01 00:00:00+00:00,33.44
2026-05-01 02:37:00+00:00,U1,5,2026-05-01 00:00:00+00:00,34.68
2026-05-01 02:38:00+00:00,U1,5,2026-05-01 00:00:00+00:00,32.45
2026-05-01 02:39:00+00:00,U1,5,2026-05-01 00:00:00+00:00,27.36
2026-05-01 02:40:00+00:00,U1,5,2026-05-01 00:00:00+00:00,28.37
2026-05-01 02:41:00+00:00,U1,5,2026-05-01 00:00:00+00:00,28.64
2026-05-01 02:42:00+00:00,U1,5,2026-05-01 00:00:00+00:00,26.09
2026-05-01 02:43:00+00:00,U1,5,2026-05-01 00:00:00+00:00,21.34
2026-05-01 02:44:00+00:00,U1,5,2026-05-01 00:00:00+00:00,20.1
2026-05-01 02:45:00+00:00,U1,5,2026-05-01 00:00:00+00:00,17.1
2026-05-01 02:46:00+00:00,U1,5,2026-05-01 00:00:00+00:00,12.65
2026-05-01 02:47:00+00:00,U1,5,2026-05-01 00:00:00+00:00,8.28
2026-05-01 02:48:00+00:00,U1,5,2026-05-01 00:00:00+00:00,6.54
2026-05-01 02:49:00+00:00,U1,5,2026-05-01 00:00:00+00:00,3.47
2026-05-01 02:50:00+00:00,U1,5,2026-05-01 00:00:00+00:00,0.83
2026-05-01 02:51:00+00:00,U1,5,2026-05-01 00:00:00+00:00,0.0
2026-05-01 02:52:00+00:00,U1,5,2026-05-01 00:00:00+00:00,0.23
2026-05-01 02:53:00+00:00,U1,5,2026-05-01 00:00:00+00:00,0.73
2026-05-01 02:54:00+00:00,U1,5,2026-05-01 00:00:00+00:00,0.2
2026-05-01 02:55:00+00:00,U1,5,2026-05-01 00:00:00+00:00,0.0
2026-05-01 02:56:00+00:00,U1,5,2026-05-01 00:00:00+00:00,0.15
2026-05-01 02:57:00+00:00,U1,5,2026-05-01 00:00:00+00:00,0.23
2026-05-01 02:58:00+00:00,U1,5,2026-05-01 00:00:00+00:00,0.1
2026-05-01 02:59:00+00:00,U1,5,2026-05-01 00:00:00+00:00,0.47
2026-05-01 03:00:00+00:00,U1,5,2026-05-01 00:00:00+00:00,0.72
2026-05-01 03:01:00+00:00,U1,5,2026-05-01 00:00:00+00:00,2.48
2026-05-01 03:02:00+00:00,U1,5,2026-05-01 00:00:00+00:00,2.61
2026-05-01 03:03:00+00:00,U1,5,2026-05-01 00:00:00+00:00,3.78
2026-05-01 03:04:00+00:00,U1,5,2026-05-01 00:00:00+00:00,5.3
2026-05-01 03:05:00+00:00,U1,5,2026-05-01 00:00:00+00:00,6.62
2026-05-01 03:06:00+00:00,U1,5,2026-05-01 00:00:00+00:00,8.72
2026-05-01 03:07:00+00:00,U1,5,2026-05-01 00:00:00+00:00,9.42
2026-05-01 03:08:00+00:00,U1,5,2026-05-01 00:00:00+00:00,11.79
2026-05-01 03:09:00+00:00,U1,5,2026-05-01 00:00:00+00:00,11.67
2026-05-01 03:10:00+00:00,U1,5,2026-05-01 00:00:00+00:00,13.42
2026-05-01 03:11:00+00:00,U1,5,2026-05-01 00:00:00+00:00,15.59
2026-05-01 03:12:00+00:00,U1,5,2026-05-01 00:00:00+00:00,15.32
2026-05-01 03:13:00+00:00,U1,5,2026-05-01 00:00:00+00:00,17.57
2026-05-01 03:14:00+00:00,U1,5,2026-05-01 00:00:00+00:00,18.63
2026-05-01 03:15:00+00:00,U1,5,2026-05-01 00:00:00+00:00,15.71
2026-05-01 03:16:00+00:00,U1,5,2026-05-01 00:00:00+00:00,12.33
2026-05-01 03:17:00+00:00,U1,5,2026-05-01 00:00:00+00:00,11.37
2026-05-01 03:18:00+00:00,U1,5,2026-05-01 00:00:00+00:00,8.94
2026-05-01 03:19:00+00:00,U1,5,2026-05-01 00:00:00+00:00,7.02
2026-05-01 03:20:00+00:00,U1,5,2026-05-01 00:00:00+00:00,4.6
2026-05-01 03:21:00+00:00,U1,5,2026-05-01 00:00:00+00:00,2.95
2026-05-01 03:22:00+00:00,U1,5,2026-05-01 00:00:00+00:00,0.34
2026-05-01 03:23:00+00:00,U1,5,2026-05-01 00:00:00+00:00,0.0
2026-05-01 03:24:00+00:00,U1,5,2026-05-01 00:00:00+00:00,0.0
2026-05-01 03:25:00+00:00,U1,5,2026-05-01 00:00:00+00:00,0.32
2026-05-01 03:26:00+00:00,U1,5,2026-05-01 00:00:00+00:00,0.58
2026-05-01 03:27:00+00:00,U1,5,2026-05-01 00:00:00+00:00,0.0
2026-05-01 03:28:00+00:00,U1,5,2026-05-01 00:00:00+00:00,0.0
2026-05-01 03:29:00+00:00,U1,5,2026-05-01 00:00:00+00:00,0.0
2026-05-01 03:30:00+00:00,U1,5,2026-05-01 00:00:00+00:00,0.74
2026-05-01 03:31:00+00:00,U1,5,2026-05-01 00:00:00+00:00,2.46
2026-05-01 03:32:00+00:00,U1,5,2026-05-01 00:00:00+00:00,2.91
2026-05-01 03:33:00+00:00,U1,5,2026-05-01 00:00:00+00:00,4.94
2026-05-01 03:34:00+00:00,U1,5,2026-05-01 00:00:00+00:00,7.78
2026-05-01 03:35:00+00:00,U1,5,2026-05-01 00:00:00+00:00,10.09
2026-05-01 03:36:00+00:00,U1,5,2026-05-01 00:00:00+00:00,12.95
2026-05-01 03:37:00+00:00,U1,5,2026-05-01 00:00:00+00:00,16.61
2026-05-01 03:38:00+00:00,U1,5,2026-05-01 00:00:00+00:00,18.84
2026-05-01 03:39:00+00:00,U1,5,2026-05-01 00:00:00+00:00,22.31
2026-05-01 03:40:00+00:00,U1,5,2026-05-01 00:00:00+00:00,28.93
2026-05-01 03:41:00+00:00,U1,5,2026-05-01 00:00:00+00:00,30.77
2026-05-01 03:42:00+00:00,U1,5,2026-05-01 00:00:00+00:00,35.23
2026-05-01 03:43:00+00:00,U1,5,2026-05-01 00:00:00+00:00,39.68
2026-05-01 03:44:00+00:00,U1,5,2026-05-01 00:00:00+00:00,46.24
2026-05-01 03:45:00+00:00,U1,5,2026-05-01 00:00:00+00:00,45.87
2026-05-01 03:46:00+00:00,U1,5,2026-05-01 00:00:00+00:00,48.15
2026-05-01 03:47:00+00:00,U1,5,2026-05-01 00:00:00+00:00,51.34
2026-05-01 03:48:00+00:00,U1,5,2026-05-01 00:00:00+00:00,51.47
2026-05-01 03:49:00+00:00,U1,5,2026-05-01 00:00:00+00:00,56.06
2026-05-01 03:50:00+00:00,U1,5,2026-05-01 00:00:00+00:00,57.07
2026-05-01 03:51:00+00:00,U1,5,2026-05-01 00:00:00+00:00,62.94
2026-05-01 03:52:00+00:00,U1,5,2026-05-01 00:00:00+00:00,73.32
2026-05-01 03:53:00+00:00,U1,5,2026-05-01 00:00:00+00:00,71.93
2026-05-01 03:54:00+00:00,U1,5,2026-05-01 00:00:00+00:00,75.59
2026-05-01 03:55:00+00:00,U1,5,2026-05-01 00:00:00+00:00,85.12
2026-05-01 03:56:00+00:00,U1,5,2026-05-01 00:00:00+00:00,86.83
2026-05-01 03:57:00+00:00,U1,5,2026-05-01 00:00:00+00:00,97.76
2026-05-01 03:58:00+00:00,U1,5,2026-05-01 00:00:00+00:00,95.87
2026-05-01 03:59:00+00:00,U1,5,2026-05-01 00:00:00+00:00,101.82
2026-06-01 00:00:00+00:00,U1,6,2026-06-01 00:00:00+00:00,1.68
2026-06-01 00:01:00+00:00,U1,6,2026-06-01 00:00:00+00:00,2.13
2026-06-01 00:02:00+00:00,U1,6,2026-06-01 00:00:00+00:00,4.51
2026-06-01 00:03:00+00:00,U1,6,2026-06-01 00:00:00+00:00,6.4
2026-06-01 00:04:00+00:00,U1,6,2026-06-01 00:00:00+00:00,6.54
2026-06-01 00:05:00+00:00,U1,6,2026-06-01 00:00:00+00:00,7.6
2026-06-01 00:06:00+00:00,U1,6,2026-06-01 00:00:00+00:00,7.66
2026-06-01 00:07:00+00:00,U1,6,2026-06-01 00:00:00+00:00,9.07
2026-06-01 00:08:00+00:00,U1,6,2026-06-01 00:00:00+00:00,9.08
2026-06-01 00:09:00+00:00,U1,6,2026-06-01 00:00:00+00:00,11.4
2026-06-01 00:10:00+00:00,U1,6,2026-06-01 00:00:00+00:00,12.11
2026-06-01 00:11:00+00:00,U1,6,2026-06-01 00:00:00+00:00,12.93
2026-06-01 00:12:00+00:00,U1,6,2026-06-01 00:00:00+00:00,14.88
2026-06-01 00:13:00+00:00,U1,6,2026-06-01 00:00:00+00:00,14.22
2026-06-01 00:14:00+00:00,U1,6,2026-06-01 00:00:00+00:00,15.42
2026-06-01 00:15:00+00:00,U1,6,2026-06-01 00:00:00+00:00,13.76
2026-06-01 00:16:00+00:00,U1,6,2026-06-01 00:00:00+00:00,9.84
2026-06-01 00:17:00+00:00,U1,6,2026-06-01 00:00:00+00:00,8.38
2026-06-01 00:18:00+00:00,U1,6,2026-06-01 00:00:00+00:00,5.86
2026-06-01 00:19:00+00:00,U1,6,2026-06-01 00:00:00+00:00,2.96
2026-06-01 00:20:00+00:00,U1,6,2026-06-01 00:00:00+00:00,1.06
2026-06-01 00:21:00+00:00,U1,6,2026-06-01 00:00:00+00:00,0.39
2026-06-01 00:22:00+00:00,U1,6,2026-06-01 00:00:00+00:00,0.0
2026-06-01 00:23:00+00:00,U1,6,2026-06-01 00:00:00+00:00,0.0
2026-06-01 00:24:00+00:00,U1,6,2026-06-01 00:00:00+00:00,0.0
2026-06-01 00:25:00+00:00,U1,6,2026-06-01 00:00:00+00:00,0.0
2026-06-01 00:26:00+00:00,U1,6,2026-06-01 00:00:00+00:00,0.56
2026-06-01 00:27:00+00:00,U1,6,2026-06-01 00:00:00+00:00,0.34
2026-06-01 00:28:00+00:00,U1,6,2026-06-01 00:00:00+00:00,0.61
2026-06-01 00:29:00+00:00,U1,6,2026-06-01 00:00:00+00:00,0.07
2026-06-01 00:30:00+00:00,U1,6,2026-06-01 00:00:00+00:00,1.95
2026-06-01 00:31:00+00:00,U1,6,2026-06-01 00:00:00+00:00,3.23
2026-06-01 00:32:00+00:00,U1,6,2026-06-01 00:00:00+00:00,6.5
2026-06-01 00:33:00+00:00,U1,6,2026-06-01 00:00:00+00:00,7.42
2026-06-01 00:34:00+00:00,U1,6,2026-06-01 00:00:00+00:00,10.0
2026-06-01 00:35:00+00:00,U1,6,2026-06-01 00:00:00+00:00,12.33
2026-06-01 00:36:00+00:00,U1,6,2026-06-01 00:00:00+00:00,16.54
2026-06-01 00:37:00+00:00,U1,6,2026-06-01 00:00:00+00:00,17.99
2026-06-01 00:38:00+00:00,U1,6,2026-06-01 00:00:00+00:00,21.77
2026-06-01 00:39:00+00:00,U1,6,2026-06-01 00:00:00+00:00,23.14
2026-06-01 00:40:00+00:00,U1,6,2026-06-01 00:00:00+00:00,25.14
2026-06-01 00:41:00+00:00,U1,6,2026-06-01 00:00:00+00:00,33.02
2026-06-01 00:42:00+00:00,U1,6,2026-06-01 00:00:00+00:00,35.54
2026-06-01 00:43:00+00:00,U1,6,2026-06-01 00:00:00+00:00,36.35
2026-06-01 00:44:00+00:00,U1,6,2026-06-01 00:00:00+00:00,44.09
2026-06-01 00:45:00+00:00,U1,6,2026-06-01 00:00:00+00:00,43.94
2026-06-01 00:46:00+00:00,U1,6,2026-06-01 00:00:00+00:00,48.77
2026-06-01 00:47:00+00:00,U1,6,2026-06-01 00:00:00+00:00,55.54
2026-06-01 00:48:00+00:00,U1,6,2026-06-01 00:00:00+00:00,59.67
2026-06-01 00:49:00+00:00,U1,6,2026-06-01 00:00:00+00:00,62.09
2026-06-01 00:50:00+00:00,U1,6,2026-06-01 00:00:00+00:00,65.6
2026-06-01 00:51:00+00:00,U1,6,2026-06-01 00:00:00+00:00,75.55
2026-06-01 00:52:00+00:00,U1,6,2026-06-01 00:00:00+00:00,80.25
2026-06-01 00:53:00+00:00,U1,6,2026-06-01 00:00:00+00:00,85.29
2026-06-01 00:54:00+00:00,U1,6,2026-06-01 00:00:00+00:00,98.92
2026-06-01 00:55:00+00:00,U1,6,2026-06-01 00:00:00+00:00,100.43
2026-06-01 00:56:00+00:00,U1,6,2026-06-01 00:00:00+00:00,102.28
2026-06-01 00:57:00+00:00,U1,6,2026-06-01 00:00:00+00:00,116.89
2026-06-01 00:58:00+00:00,U1,6,2026-06-01 00:00:00+00:00,126.25
2026-06-01 00:59:00+00:00,U1,6,2026-06-01 00:00:00+00:00,129.4
2026-06-01 01:00:00+00:00,U1,6,2026-06-01 00:00:00+00:00,114.56
2026-06-01 01:01:00+00:00,U1,6,2026-06-01 00:00:00+00:00,99.71
2026-06-01 01:02:00+00:00,U1,6,2026-06-01 00:00:00+00:00,87.64
2026-06-01 01:03:00+00:00,U1,6,2026-06-01 00:00:00+00:00,74.47
2026-06-01 01:04:00+00:00,U1,6,2026-06-01 00:00:00+00:00,64.32
2026-06-01 01:05:00+00:00,U1,6,2026-06-01 00:00:00+00:00,58.72
2026-06-01 01:06:00+00:00,U1,6,2026-06-01 00:00:00+00:00,46.99
2026-06-01 01:07:00+00:00,U1,6,2026-06-01 00:00:00+00:00,41.81
2026-06-01 01:08:00+00:00,U1,6,2026-06-01 00:00:00+00:00,34.04
2026-06-01 01:09:00+00:00,U1,6,2026-06-01 00:00:00+00:00,30.75
2026-06-01 01:10:00+00:00,U1,6,2026-06-01 00:00:00+00:00,30.42
2026-06-01 01:11:00+00:00,U1,6,2026-06-01 00:00:00+00:00,30.94
2026-06-01 01:12:00+00:00,U1,6,2026-06-01 00:00:00+00:00,28.48
2026-06-01 01:13:00+00:00,U1,6,2026-06-01 00:00:00+00:00,26.63
2026-06-01 01:14:00+00:00,U1,6,2026-06-01 00:00:00+00:00,21.13
2026-06-01 01:15:00+00:00,U1,6,2026-06-01 00:00:00+00:00,19.08
2026-06-01 01:16:00+00:00,U1,6,2026-06-01 00:00:00+00:00,14.02
2026-06-01 01:17:00+00:00,U1,6,2026-06-01 00:00:00+00:00,9.82
2026-06-01 01:18:00+00:00,U1,6,2026-06-01 00:00:00+00:00,7.55
2026-06-01 01:19:00+00:00,U1,6,2026-06-01 00:00:00+00:00,3.54
2026-06-01 01:20:00+00:00,U1,6,2026-06-01 00:00:00+00:00,2.65
2026-06-01 01:21:00+00:00,U1,6,2026-06-01 00:00:00+00:00,0.76
2026-06-01 01:22:00+00:00,U1,6,2026-06-01 00:00:00+00:00,0.0
2026-06-01 01:23:00+00:00,U1,6,2026-06-01 00:00:00+00:00,0.87
2026-06-01 01:24:00+00:00,U1,6,2026-06-01 00:00:00+00:00,0.57
2026-06-01 01:25:00+00:00,U1,6,2026-06-01 00:00:00+00:00,0.0
2026-06-01 01:26:00+00:00,U1,6,2026-06-01 00:00:00+00:00,0.61
2026-06-01 01:27:00+00:00,U1,6,2026-06-01 00:00:00+00:00,0.0
2026-06-01 01:28:00+00:00,U1,6,2026-06-01 00:00:00+00:00,0.0
2026-06-01 01:29:00+00:00,U1,6,2026-06-01 00:00:00+00:00,0.0
2026-06-01 01:30:00+00:00,U1,6,2026-06-01 00:00:00+00:00,0.81
2026-06-01 01:31:00+00:00,U1,6,2026-06-01 00:00:00+00:00,2.1
2026-06-01 01:32:00+00:00,U1,6,2026-06-01 00:00:00+00:00,4.04
2026-06-01 01:33:00+00:00,U1,6,2026-06-01 00:00:00+00:00,6.14
2026-06-01 01:34:00+00:00,U1,6,2026-06-01 00:00:00+00:00,8.2
2026-06-01 01:35:00+00:00,U1,6,2026-06-01 00:00:00+00:00,9.5
2026-06-01 01:36:00+00:00,U1,6,2026-06-01 00:00:00+00:00,10.43
2026-06-01 01:37:00+00:00,U1,6,2026-06-01 00:00:00+00:00,11.1
2026-06-01 01:38:00+00:00,U1,6,2026-06-01 00:00:00+00:00,11.7
2026-06-01 01:39:00+00:00,U1,6,2026-06-01 00:00:00+00:00,14.14
2026-06-01 01:40:00+00:00,U1,6,2026-06-01 00:00:00+00:00,15.08
2026-06-01 01:41:00+00:00,U1,6,2026-06-01 00:00:00+00:00,16.28
2026-06-01 01:42:00+00:00,U1,6,2026-06-01 00:00:00+00:00,17.38
2026-06-01 01:43:00+00:00,U1,6,2026-06-01 00:00:00+00:00,18.86
2026-06-01 01:44:00+00:00,U1,6,2026-06-01 00:00:00+00:00,17.71
2026-06-01 01:45:00+00:00,U1,6,2026-06-01 00:00:00+00:00,15.96
2026-06-01 01:46:00+00:00,U1,6,2026-06-01 00:00:00+00:00,12.91
2026-06-01 01:47:00+00:00,U1,6,2026-06-01 00:00:00+00:00,11.15
2026-06-01 01:48:00+00:00,U1,6,2026-06-01 00:00:00+00:00,9.41
2026-06-01 01:49:00+00:00,U1,6,2026-06-01 00:00:00+00:00,7.01
2026-06-01 01:50:00+00:00,U1,6,2026-06-01 00:00:00+00:00,4.61
2026-06-01 01:51:00+00:00,U1,6,2026-06-01 00:00:00+00:00,3.28
2026-06-01 01:52:00+00:00,U1,6,2026-06-01 00:00:00+00:00,1.13
2026-06-01 01:53:00+00:00,U1,6,2026-06-01 00:00:00+00:00,0.22
2026-06-01 01:54:00+00:00,U1,6,2026-06-01 00:00:00+00:00,0.58
2026-06-01 01:55:00+00:00,U1,6,2026-06-01 00:00:00+00:00,0.0
2026-06-01 01:56:00+00:00,U1,6,2026-06-01 00:00:00+00:00,0.0
2026-06-01 01:57:00+00:00,U1,6,2026-06-01 00:00:00+00:00,0.0
2026-06-01 01:58:00+00:00,U1,6,2026-06-01 00:00:00+00:00,0.0
2026-06-01 01:59:00+00:00,U1,6,2026-06-01 00:00:00+00:00,0.0
2026-06-01 02:00:00+00:00,U1,6,2026-06-01 00:00:00+00:00,0.93
2026-06-01 02:01:00+00:00,U1,6,2026-06-01 00:00:00+00:00,3.66
2026-06-01 02:02:00+00:00,U1,6,2026-06-01 00:00:00+00:00,6.29
2026-06-01 02:03:00+00:00,U1,6,2026-06-01 00:00:00+00:00,8.41
2026-06-01 02:04:00+00:00,U1,6,2026-06-01 00:00:00+00:00,10.36
2026-06-01 02:05:00+00:00,U1,6,2026-06-01 00:00:00+00:00,12.29
2026-06-01 02:06:00+00:00,U1,6,2026-06-01 00:00:00+00:00,13.81
2026-06-01 02:07:00+00:00,U1,6,2026-06-01 00:00:00+00:00,15.3
2026-06-01 02:08:00+00:00,U1,6,2026-06-01 00:00:00+00:00,18.63
2026-06-01 02:09:00+00:00,U1,6,2026-06-01 00:00:00+00:00,22.02
2026-06-01 02:10:00+00:00,U1,6,2026-06-01 00:00:00+00:00,24.29
2026-06-01 02:11:00+00:00,U1,6,2026-06-01 00:00:00+00:00,28.62
2026-06-01 02:12:00+00:00,U1,6,2026-06-01 00:00:00+00:00,30.32
2026-06-01 02:13:00+00:00,U1,6,2026-06-01 00:00:00+00:00,36.7
2026-06-01 02:14:00+00:00,U1,6,2026-06-01 00:00:00+00:00,39.84
2026-06-01 02:15:00+00:00,U1,6,2026-06-01 00:00:00+00:00,44.12
2026-06-01 02:16:00+00:00,U1,6,2026-06-01 00:00:00+00:00,42.94
2026-06-01 02:17:00+00:00,U1,6,2026-06-01 00:00:00+00:00,43.99
2026-06-01 02:18:00+00:00,U1,6,2026-06-01 00:00:00+00:00,45.0
2026-06-01 02:19:00+00:00,U1,6,2026-06-01 00:00:00+00:00,50.73
2026-06-01 02:20:00+00:00,U1,6,2026-06-01 00:00:00+00:00,56.72
2026-06-01 02:21:00+00:00,U1,6,2026-06-01 00:00:00+00:00,58.13
2026-06-01 02:22:00+00:00,U1,6,2026-06-01 00:00:00+00:00,57.93
2026-06-01 02:23:00+00:00,U1,6,2026-06-01 00:00:00+00:00,59.74
2026-06-01 02:24:00+00:00,U1,6,2026-06-01 00:00:00+00:00,60.41
2026-06-01 02:25:00+00:00,U1,6,2026-06-01 00:00:00+00:00,62.08
2026-06-01 02:26:00+00:00,U1,6,2026-06-01 00:00:00+00:00,68.86
2026-06-01 02:27:00+00:00,U1,6,2026-06-01 00:00:00+00:00,70.06
2026-06-01 02:28:00+00:00,U1,6,2026-06-01 00:00:00+00:00,67.96
2026-06-01 02:29:00+00:00,U1,6,2026-06-01 00:00:00+00:00,66.69
2026-06-01 02:30:00+00:00,U1,6,2026-06-01 00:00:00+00:00,56.27
2026-06-01 02:31:00+00:00,U1,6,2026-06-01 00:00:00+00:00,52.91
2026-06-01 02:32:00+00:00,U1,6,2026-06-01 00:00:00+00:00,44.58
2026-06-01 02:33:00+00:00,U1,6,2026-06-01 00:00:00+00:00,44.81
2026-06-01 02:34:00+00:00,U1,6,2026-06-01 00:00:00+00:00,40.98
2026-06-01 02:35:00+00:00,U1,6,2026-06-01 00:00:00+00:00,35.71
2026-06-01 02:36:00+00:00,U1,6,2026-06-01 00:00:00+00:00,34.5
2026-06-01 02:37:00+00:00,U1,6,2026-06-01 00:00:00+00:00,31.77
2026-06-01 02:38:00+00:00,U1,6,2026-06-01 00:00:00+00:00,25.32
2026-06-01 02:39:00+00:00,U1,6,2026-06-01 00:00:00+00:00,25.24
2026-06-01 02:40:00+00:00,U1,6,2026-06-01 00:00:00+00:00,23.99
2026-06-01 02:41:00+00:00,U1,6,2026-06-01 00:00:00+00:00,22.33
2026-06-01 02:42:00+00:00,U1,6,2026-06-01 00:00:00+00:00,22.57
2026-06-01 02:43:00+00:00,U1,6,2026-06-01 00:00:00+00:00,22.05
2026-06-01 02:44:00+00:00,U1,6,2026-06-01 00:00:00+00:00,21.45
2026-06-01 02:45:00+00:00,U1,6,2026-06-01 00:00:00+00:00,17.72
2026-06-01 02:46:00+00:00,U1,6,2026-06-01 00:00:00+00:00,13.62
2026-06-01 02:47:00+00:00,U1,6,2026-06-01 00:00:00+00:00,10.92
2026-06-01 02:48:00+00:00,U1,6,2026-06-01 00:00:00+00:00,6.75
2026-06-01 02:49:00+00:00,U1,6,2026-06-01 00:00:00+00:00,5.27
2026-06-01 02:50:00+00:00,U1,6,2026-06-01 00:00:00+00:00,3.29
2026-06-01 02:51:00+00:00,U1,6,2026-06-01 00:00:00+00:00,0.16
2026-06-01 02:52:00+00:00,U1,6,2026-06-01 00:00:00+00:00,0.0
2026-06-01 02:53:00+00:00,U1,6,2026-06-01 00:00:00+00:00,0.0
2026-06-01 02:54:00+00:00,U1,6,2026-06-01 00:00:00+00:00,0.0
2026-06-01 02:55:00+00:00,U1,6,2026-06-01 00:00:00+00:00,0.3
2026-06-01 02:56:00+00:00,U1,6,2026-06-01 00:00:00+00:00,0.0
2026-06-01 02:57:00+00:00,U1,6,2026-06-01 00:00:00+00:00,0.0
2026-06-01 02:58:00+00:00,U1,6,2026-06-01 00:00:00+00:00,0.49
2026-06-01 02:59:00+00:00,U1,6,2026-06-01 00:00:00+00:00,0.26
2026-06-01 03:00:00+00:00,U1,6,2026-06-01 00:00:00+00:00,2.31
2026-06-01 03:01:00+00:00,U1,6,2026-06-01 00:00:00+00:00,1.94
2026-06-01 03:02:00+00:00,U1,6,2026-06-01 00:00:00+00:00,3.44
2026-06-01 03:03:00+00:00,U1,6,2026-06-01 00:00:00+00:00,5.06
2026-06-01 03:04:00+00:00,U1,6,2026-06-01 00:00:00+00:00,6.16
2026-06-01 03:05:00+00:00,U1,6,2026-06-01 00:00:00+00:00,6.82
2026-06-01 03:06:00+00:00,U1,6,2026-06-01 00:00:00+00:00,7.93
2026-06-01 03:07:00+00:00,U1,6,2026-06-01 00:00:00+00:00,9.8
2026-06-01 03:08:00+00:00,U1,6,2026-06-01 00:00:00+00:00,12.43
2026-06-01 03:09:00+00:00,U1,6,2026-06-01 00:00:00+00:00,13.57
2026-06-01 03:10:00+00:00,U1,6,2026-06-01 00:00:00+00:00,15.3
2026-06-01 03:11:00+00:00,U1,6,2026-06-01 00:00:00+00:00,15.49
2026-06-01 03:12:00+00:00,U1,6,2026-06-01 00:00:00+00:00,17.42
2026-06-01 03:13:00+00:00,U1,6,2026-06-01 00:00:00+00:00,19.61
2026-06-01 03:14:00+00:00,U1,6,2026-06-01 00:00:00+00:00,21.37
2026-06-01 03:15:00+00:00,U1,6,2026-06-01 00:00:00+00:00,18.65
2026-06-01 03:16:00+00:00,U1,6,2026-06-01 00:00:00+00:00,16.51
2026-06-01 03:17:00+00:00,U1,6,2026-06-01 00:00:00+00:00,13.83
2026-06-01 03:18:00+00:00,U1,6,2026-06-01 00:00:00+00:00,11.98
2026-06-01 03:19:00+00:00,U1,6,2026-06-01 00:00:00+00:00,8.39
2026-06-01 03:20:00+00:00,U1,6,2026-06-01 00:00:00+00:00,7.76
2026-06-01 03:21:00+00:00,U1,6,2026-06-01 00:00:00+00:00,5.82
2026-06-01 03:22:00+00:00,U1,6,2026-06-01 00:00:00+00:00,2.91
2026-06-01 03:23:00+00:00,U1,6,2026-06-01 00:00:00+00:00,0.0
2026-06-01 03:24:00+00:00,U1,6,2026-06-01 00:00:00+00:00,0.0
2026-06-01 03:25:00+00:00,U1,6,2026-06-01 00:00:00+00:00,0.0
2026-06-01 03:26:00+00:00,U1,6,2026-06-01 00:00:00+00:00,0.04
2026-06-01 03:27:00+00:00,U1,6,2026-06-01 00:00:00+00:00,0.0
2026-06-01 03:28:00+00:00,U1,6,2026-06-01 00:00:00+00:00,0.0
2026-06-01 03:29:00+00:00,U1,6,2026-06-01 00:00:00+00:00,0.0
2026-06-01 03:30:00+00:00,U1,6,2026-06-01 00:00:00+00:00,2.06
2026-06-01 03:31:00+00:00,U1,6,2026-06-01 00:00:00+00:00,4.11
2026-06-01 03:32:00+00:00,U1,6,2026-06-01 00:00:00+00:00,3.49
2026-06-01 03:33:00+00:00,U1,6,2026-06-01 00:00:00+00:00,7.24
2026-06-01 03:34:00+00:00,U1,6,2026-06-01 00:00:00+00:00,8.6
2026-06-01 03:35:00+00:00,U1,6,2026-06-01 00:00:00+00:00,10.9
2026-06-01 03:36:00+00:00,U1,6,2026-06-01 00:00:00+00:00,15.53
2026-06-01 03:37:00+00:00,U1,6,2026-06-01 00:00:00+00:00,16.37
2026-06-01 03:38:00+00:00,U1,6,2026-06-01 00:00:00+00:00,18.55
2026-06-01 03:39:00+00:00,U1,6,2026-06-01 00:00:00+00:00,20.13
2026-06-01 03:40:00+00:00,U1,6,2026-06-01 00:00:00+00:00,22.69
2026-06-01 03:41:00+00:00,U1,6,2026-06-01 00:00:00+00:00,24.98
2026-06-01 03:42:00+00:00,U1,6,2026-06-01 00:00:00+00:00,28.86
2026-06-01 03:43:00+00:00,U1,6,2026-06-01 00:00:00+00:00,32.09
2026-06-01 03:44:00+00:00,U1,6,2026-06-01 00:00:00+00:00,38.1
2026-06-01 03:45:00+00:00,U1,6,2026-06-01 00:00:00+00:00,37.45
2026-06-01 03:46:00+00:00,U1,6,2026-06-01 00:00:00+00:00,40.37
2026-06-01 03:47:00+00:00,U1,6,2026-06-01 00:00:00+00:00,38.98
2026-06-01 03:48:00+00:00,U1,6,2026-06-01 00:00:00+00:00,38.37
2026-06-01 03:49:00+00:00,U1,6,2026-06-01 00:00:00+00:00,38.75
2026-06-01 03:50:00+00:00,U1,6,2026-06-01 00:00:00+00:00,37.43
2026-06-01 03:51:00+00:00,U1,6,2026-06-01 00:00:00+00:00,39.42
2026-06-01 03:52:00+00:00,U1,6,2026-06-01 00:00:00+00:00,43.9
2026-06-01 03:53:00+00:00,U1,6,2026-06-01 00:00:00+00:00,47.57
2026-06-01 03:54:00+00:00,U1,6,2026-06-01 00:00:00+00:00,48.62
2026-06-01 03:55:00+00:00,U1,6,2026-06-01 00:00:00+00:00,51.7
2026-06-01 03:56:00+00:00,U1,6,2026-06-01 00:00:00+00:00,56.85
2026-06-01 03:57:00+00:00,U1,6,2026-06-01 00:00:00+00:00,62.46
2026-06-01 03:58:00+00:00,U1,6,2026-06-01 00:00:00+00:00,63.12
2026-06-01 03:59:00+00:00,U1,6,2026-06-01 00:00:00+00:00,61.12
2026-07-01 00:00:00+00:00,U1,7,2026-07-01 00:00:00+00:00,1.97
2026-07-01 00:01:00+00:00,U1,7,2026-07-01 00:00:00+00:00,1.68
2026-07-01 00:02:00+00:00,U1,7,2026-07-01 00:00:00+00:00,3.22
2026-07-01 00:03:00+00:00,U1,7,2026-07-01 00:00:00+00:00,4.62
2026-07-01 00:04:00+00:00,U1,7,2026-07-01 00:00:00+00:00,5.92
2026-07-01 00:05:00+00:00,U1,7,2026-07-01 00:00:00+00:00,5.81
2026-07-01 00:06:00+00:00,U1,7,2026-07-01 00:00:00+00:00,7.19
2026-07-01 00:07:00+00:00,U1,7,2026-07-01 00:00:00+00:00,8.61
2026-07-01 00:08:00+00:00,U1,7,2026-07-01 00:00:00+00:00,9.47
2026-07-01 00:09:00+00:00,U1,7,2026-07-01 00:00:00+00:00,12.01
2026-07-01 00:10:00+00:00,U1,7,2026-07-01 00:00:00+00:00,12.83
2026-07-01 00:11:00+00:00,U1,7,2026-07-01 00:00:00+00:00,13.4
2026-07-01 00:12:00+00:00,U1,7,2026-07-01 00:00:00+00:00,14.71
2026-07-01 00:13:00+00:00,U1,7,2026-07-01 00:00:00+00:00,16.47
2026-07-01 00:14:00+00:00,U1,7,2026-07-01 00:00:00+00:00,18.71
2026-07-01 00:15:00+00:00,U1,7,2026-07-01 00:00:00+00:00,15.42
2026-07-01 00:16:00+00:00,U1,7,2026-07-01 00:00:00+00:00,12.25
2026-07-01 00:17:00+00:00,U1,7,2026-07-01 00:00:00+00:00,9.88
2026-07-01 00:18:00+00:00,U1,7,2026-07-01 00:00:00+00:00,8.71
2026-07-01 00:19:00+00:00,U1,7,2026-07-01 00:00:00+00:00,5.15
2026-07-01 00:20:00+00:00,U1,7,2026-07-01 00:00:00+00:00,3.48
2026-07-01 00:21:00+00:00,U1,7,2026-07-01 00:00:00+00:00,1.07
2026-07-01 00:22:00+00:00,U1,7,2026-07-01 00:00:00+00:00,0.0
2026-07-01 00:23:00+00:00,U1,7,2026-07-01 00:00:00+00:00,0.0
2026-07-01 00:24:00+00:00,U1,7,2026-07-01 00:00:00+00:00,0.0
2026-07-01 00:25:00+00:00,U1,7,2026-07-01 00:00:00+00:00,0.48
2026-07-01 00:26:00+00:00,U1,7,2026-07-01 00:00:00+00:00,1.0
2026-07-01 00:27:00+00:00,U1,7,2026-07-01 00:00:00+00:00,0.0
2026-07-01 00:28:00+00:00,U1,7,2026-07-01 00:00:00+00:00,0.09
2026-07-01 00:29:00+00:00,U1,7,2026-07-01 00:00:00+00:00,0.26
2026-07-01 00:30:00+00:00,U1,7,2026-07-01 00:00:00+00:00,1.52
2026-07-01 00:31:00+00:00,U1,7,2026-07-01 00:00:00+00:00,2.93
2026-07-01 00:32:00+00:00,U1,7,2026-07-01 00:00:00+00:00,3.18
2026-07-01 00:33:00+00:00,U1,7,2026-07-01 00:00:00+00:00,3.42
2026-07-01 00:34:00+00:00,U1,7,2026-07-01 00:00:00+00:00,5.83
2026-07-01 00:35:00+00:00,U1,7,2026-07-01 00:00:00+00:00,8.34
2026-07-01 00:36:00+00:00,U1,7,2026-07-01 00:00:00+00:00,9.71
2026-07-01 00:37:00+00:00,U1,7,2026-07-01 00:00:00+00:00,11.06
2026-07-01 00:38:00+00:00,U1,7,2026-07-01 00:00:00+00:00,13.05
2026-07-01 00:39:00+00:00,U1,7,2026-07-01 00:00:00+00:00,14.37
2026-07-01 00:40:00+00:00,U1,7,2026-07-01 00:00:00+00:00,19.79
2026-07-01 00:41:00+00:00,U1,7,2026-07-01 00:00:00+00:00,23.39
2026-07-01 00:42:00+00:00,U1,7,2026-07-01 00:00:00+00:00,29.34
2026-07-01 00:43:00+00:00,U1,7,2026-07-01 00:00:00+00:00,34.94
2026-07-01 00:44:00+00:00,U1,7,2026-07-01 00:00:00+00:00,41.0
2026-07-01 00:45:00+00:00,U1,7,2026-07-01 00:00:00+00:00,44.03
2026-07-01 00:46:00+00:00,U1,7,2026-07-01 00:00:00+00:00,43.04
2026-07-01 00:47:00+00:00,U1,7,2026-07-01 00:00:00+00:00,42.4
2026-07-01 00:48:00+00:00,U1,7,2026-07-01 00:00:00+00:00,40.73
2026-07-01 00:49:00+00:00,U1,7,2026-07-01 00:00:00+00:00,41.04
2026-07-01 00:50:00+00:00,U1,7,2026-07-01 00:00:00+00:00,42.58
2026-07-01 00:51:00+00:00,U1,7,2026-07-01 00:00:00+00:00,44.99
2026-07-01 00:52:00+00:00,U1,7,2026-07-01 00:00:00+00:00,51.56
2026-07-01 00:53:00+00:00,U1,7,2026-07-01 00:00:00+00:00,55.12
2026-07-01 00:54:00+00:00,U1,7,2026-07-01 00:00:00+00:00,54.32
2026-07-01 00:55:00+00:00,U1,7,2026-07-01 00:00:00+00:00,56.7
2026-07-01 00:56:00+00:00,U1,7,2026-07-01 00:00:00+00:00,62.46
2026-07-01 00:57:00+00:00,U1,7,2026-07-01 00:00:00+00:00,62.61
2026-07-01 00:58:00+00:00,U1,7,2026-07-01 00:00:00+00:00,65.88
2026-07-01 00:59:00+00:00,U1,7,2026-07-01 00:00:00+00:00,69.55
2026-07-01 01:00:00+00:00,U1,7,2026-07-01 00:00:00+00:00,68.64
2026-07-01 01:01:00+00:00,U1,7,2026-07-01 00:00:00+00:00,55.77
2026-07-01 01:02:00+00:00,U1,7,2026-07-01 00:00:00+00:00,52.79
2026-07-01 01:03:00+00:00,U1,7,2026-07-01 00:00:00+00:00,44.76
2026-07-01 01:04:00+00:00,U1,7,2026-07-01 00:00:00+00:00,36.4
2026-07-01 01:05:00+00:00,U1,7,2026-07-01 00:00:00+00:00,29.9
2026-07-01 01:06:00+00:00,U1,7,2026-07-01 00:00:00+00:00,31.24
2026-07-01 01:07:00+00:00,U1,7,2026-07-01 00:00:00+00:00,26.48
2026-07-01 01:08:00+00:00,U1,7,2026-07-01 00:00:00+00:00,24.29
2026-07-01 01:09:00+00:00,U1,7,2026-07-01 00:00:00+00:00,24.31
2026-07-01 01:10:00+00:00,U1,7,2026-07-01 00:00:00+00:00,22.76
2026-07-01 01:11:00+00:00,U1,7,2026-07-01 00:00:00+00:00,17.27
2026-07-01 01:12:00+00:00,U1,7,2026-07-01 00:00:00+00:00,18.26
2026-07-01 01:13:00+00:00,U1,7,2026-07-01 00:00:00+00:00,14.42
2026-07-01 01:14:00+00:00,U1,7,2026-07-01 00:00:00+00:00,14.74
2026-07-01 01:15:00+00:00,U1,7,2026-07-01 00:00:00+00:00,10.87
2026-07-01 01:16:00+00:00,U1,7,2026-07-01 00:00:00+00:00,7.37
2026-07-01 01:17:00+00:00,U1,7,2026-07-01 00:00:00+00:00,3.92
2026-07-01 01:18:00+00:00,U1,7,2026-07-01 00:00:00+00:00,1.85
2026-07-01 01:19:00+00:00,U1,7,2026-07-01 00:00:00+00:00,0.0
2026-07-01 01:20:00+00:00,U1,7,2026-07-01 00:00:00+00:00,0.02
2026-07-01 01:21:00+00:00,U1,7,2026-07-01 00:00:00+00:00,0.03
2026-07-01 01:22:00+00:00,U1,7,2026-07-01 00:00:00+00:00,0.25
2026-07-01 01:23:00+00:00,U1,7,2026-07-01 00:00:00+00:00,0.0
2026-07-01 01:24:00+00:00,U1,7,2026-07-01 00:00:00+00:00,0.22
2026-07-01 01:25:00+00:00,U1,7,2026-07-01 00:00:00+00:00,0.24
2026-07-01 01:26:00+00:00,U1,7,2026-07-01 00:00:00+00:00,0.64
2026-07-01 01:27:00+00:00,U1,7,2026-07-01 00:00:00+00:00,0.0
2026-07-01 01:28:00+00:00,U1,7,2026-07-01 00:00:00+00:00,0.0
2026-07-01 01:29:00+00:00,U1,7,2026-07-01 00:00:00+00:00,0.81
2026-07-01 01:30:00+00:00,U1,7,2026-07-01 00:00:00+00:00,2.61
2026-07-01 01:31:00+00:00,U1,7,2026-07-01 00:00:00+00:00,2.57
2026-07-01 01:32:00+00:00,U1,7,2026-07-01 00:00:00+00:00,4.85
2026-07-01 01:33:00+00:00,U1,7,2026-07-01 00:00:00+00:00,4.77
2026-07-01 01:34:00+00:00,U1,7,2026-07-01 00:00:00+00:00,7.67
2026-07-01 01:35:00+00:00,U1,7,2026-07-01 00:00:00+00:00,7.06
2026-07-01 01:36:00+00:00,U1,7,2026-07-01 00:00:00+00:00,9.16
2026-07-01 01:37:00+00:00,U1,7,2026-07-01 00:00:00+00:00,9.59
2026-07-01 01:38:00+00:00,U1,7,2026-07-01 00:00:00+00:00,11.1
2026-07-01 01:39:00+00:00,U1,7,2026-07-01 00:00:00+00:00,13.37
2026-07-01 01:40:00+00:00,U1,7,2026-07-01 00:00:00+00:00,13.96
2026-07-01 01:41:00+00:00,U1,7,2026-07-01 00:00:00+00:00,16.01
2026-07-01 01:42:00+00:00,U1,7,2026-07-01 00:00:00+00:00,16.58
2026-07-01 01:43:00+00:00,U1,7,2026-07-01 00:00:00+00:00,16.21
2026-07-01 01:44:00+00:00,U1,7,2026-07-01 00:00:00+00:00,17.88
2026-07-01 01:45:00+00:00,U1,7,2026-07-01 00:00:00+00:00,15.84
2026-07-01 01:46:00+00:00,U1,7,2026-07-01 00:00:00+00:00,13.38
2026-07-01 01:47:00+00:00,U1,7,2026-07-01 00:00:00+00:00,10.26
2026-07-01 01:48:00+00:00,U1,7,2026-07-01 00:00:00+00:00,8.23
2026-07-01 01:49:00+00:00,U1,7,2026-07-01 00:00:00+00:00,6.21
2026-07-01 01:50:00+00:00,U1,7,2026-07-01 00:00:00+00:00,4.2
2026-07-01 01:51:00+00:00,U1,7,2026-07-01 00:00:00+00:00,0.0
2026-07-01 01:52:00+00:00,U1,7,2026-07-01 00:00:00+00:00,0.47
2026-07-01 01:53:00+00:00,U1,7,2026-07-01 00:00:00+00:00,0.09
2026-07-01 01:54:00+00:00,U1,7,2026-07-01 00:00:00+00:00,0.78
2026-07-01 01:55:00+00:00,U1,7,2026-07-01 00:00:00+00:00,0.0
2026-07-01 01:56:00+00:00,U1,7,2026-07-01 00:00:00+00:00,0.0
2026-07-01 01:57:00+00:00,U1,7,2026-07-01 00:00:00+00:00,0.0
2026-07-01 01:58:00+00:00,U1,7,2026-07-01 00:00:00+00:00,0.26
2026-07-01 01:59:00+00:00,U1,7,2026-07-01 00:00:00+00:00,0.0
2026-07-01 02:00:00+00:00,U1,7,2026-07-01 00:00:00+00:00,1.32
2026-07-01 02:01:00+00:00,U1,7,2026-07-01 00:00:00+00:00,1.57
2026-07-01 02:02:00+00:00,U1,7,2026-07-01 00:00:00+00:00,4.39
2026-07-01 02:03:00+00:00,U1,7,2026-07-01 00:00:00+00:00,6.08
2026-07-01 02:04:00+00:00,U1,7,2026-07-01 00:00:00+00:00,8.82
2026-07-01 02:05:00+00:00,U1,7,2026-07-01 00:00:00+00:00,9.67
2026-07-01 02:06:00+00:00,U1,7,2026-07-01 00:00:00+00:00,14.27
2026-07-01 02:07:00+00:00,U1,7,2026-07-01 00:00:00+00:00,17.24
2026-07-01 02:08:00+00:00,U1,7,2026-07-01 00:00:00+00:00,20.33
2026-07-01 02:09:00+00:00,U1,7,2026-07-01 00:00:00+00:00,24.78
2026-07-01 02:10:00+00:00,U1,7,2026-07-01 00:00:00+00:00,30.34
2026-07-01 02:11:00+00:00,U1,7,2026-07-01 00:00:00+00:00,33.17
2026-07-01 02:12:00+00:00,U1,7,2026-07-01 00:00:00+00:00,36.15
2026-07-01 02:13:00+00:00,U1,7,2026-07-01 00:00:00+00:00,40.4
2026-07-01 02:14:00+00:00,U1,7,2026-07-01 00:00:00+00:00,47.96
2026-07-01 02:15:00+00:00,U1,7,2026-07-01 00:00:00+00:00,52.5
2026-07-01 02:16:00+00:00,U1,7,2026-07-01 00:00:00+00:00,51.37
2026-07-01 02:17:00+00:00,U1,7,2026-07-01 00:00:00+00:00,56.72
2026-07-01 02:18:00+00:00,U1,7,2026-07-01 00:00:00+00:00,55.82
2026-07-01 02:19:00+00:00,U1,7,2026-07-01 00:00:00+00:00,63.06
2026-07-01 02:20:00+00:00,U1,7,2026-07-01 00:00:00+00:00,65.21
2026-07-01 02:21:00+00:00,U1,7,2026-07-01 00:00:00+00:00,64.64
2026-07-01 02:22:00+00:00,U1,7,2026-07-01 00:00:00+00:00,65.96
2026-07-01 02:23:00+00:00,U1,7,2026-07-01 00:00:00+00:00,65.28
2026-07-01 02:24:00+00:00,U1,7,2026-07-01 00:00:00+00:00,67.66
2026-07-01 02:25:00+00:00,U1,7,2026-07-01 00:00:00+00:00,76.94
2026-07-01 02:26:00+00:00,U1,7,2026-07-01 00:00:00+00:00,85.59
2026-07-01 02:27:00+00:00,U1,7,2026-07-01 00:00:00+00:00,93.3
2026-07-01 02:28:00+00:00,U1,7,2026-07-01 00:00:00+00:00,100.97
2026-07-01 02:29:00+00:00,U1,7,2026-07-01 00:00:00+00:00,106.51
2026-07-01 02:30:00+00:00,U1,7,2026-07-01 00:00:00+00:00,104.74
2026-07-01 02:31:00+00:00,U1,7,2026-07-01 00:00:00+00:00,101.16
2026-07-01 02:32:00+00:00,U1,7,2026-07-01 00:00:00+00:00,89.97
2026-07-01 02:33:00+00:00,U1,7,2026-07-01 00:00:00+00:00,77.81
2026-07-01 02:34:00+00:00,U1,7,2026-07-01 00:00:00+00:00,66.05
2026-07-01 02:35:00+00:00,U1,7,2026-07-01 00:00:00+00:00,65.13
2026-07-01 02:36:00+00:00,U1,7,2026-07-01 00:00:00+00:00,55.34
2026-07-01 02:37:00+00:00,U1,7,2026-07-01 00:00:00+00:00,53.52
2026-07-01 02:38:00+00:00,U1,7,2026-07-01 00:00:00+00:00,50.52
2026-07-01 02:39:00+00:00,U1,7,2026-07-01 00:00:00+00:00,48.55
2026-07-01 02:40:00+00:00,U1,7,2026-07-01 00:00:00+00:00,48.31
2026-07-01 02:41:00+00:00,U1,7,2026-07-01 00:00:00+00:00,48.09
2026-07-01 02:42:00+00:00,U1,7,2026-07-01 00:00:00+00:00,40.89
2026-07-01 02:43:00+00:00,U1,7,2026-07-01 00:00:00+00:00,40.57
2026-07-01 02:44:00+00:00,U1,7,2026-07-01 00:00:00+00:00,38.63
2026-07-01 02:45:00+00:00,U1,7,2026-07-01 00:00:00+00:00,30.68
2026-07-01 02:46:00+00:00,U1,7,2026-07-01 00:00:00+00:00,25.2
2026-07-01 02:47:00+00:00,U1,7,2026-07-01 00:00:00+00:00,20.0
2026-07-01 02:48:00+00:00,U1,7,2026-07-01 00:00:00+00:00,16.75
2026-07-01 02:49:00+00:00,U1,7,2026-07-01 00:00:00+00:00,12.53
2026-07-01 02:50:00+00:00,U1,7,2026-07-01 00:00:00+00:00,10.77
2026-07-01 02:51:00+00:00,U1,7,2026-07-01 00:00:00+00:00,7.64
2026-07-01 02:52:00+00:00,U1,7,2026-07-01 00:00:00+00:00,4.61
2026-07-01 02:53:00+00:00,U1,7,2026-07-01 00:00:00+00:00,2.33
2026-07-01 02:54:00+00:00,U1,7,2026-07-01 00:00:00+00:00,0.43
2026-07-01 02:55:00+00:00,U1,7,2026-07-01 00:00:00+00:00,0.0
2026-07-01 02:56:00+00:00,U1,7,2026-07-01 00:00:00+00:00,0.4
2026-07-01 02:57:00+00:00,U1,7,2026-07-01 00:00:00+00:00,0.0
2026-07-01 02:58:00+00:00,U1,7,2026-07-01 00:00:00+00:00,0.0
2026-07-01 02:59:00+00:00,U1,7,2026-07-01 00:00:00+00:00,0.26
2026-07-01 03:00:00+00:00,U1,7,2026-07-01 00:00:00+00:00,1.53
2026-07-01 03:01:00+00:00,U1,7,2026-07-01 00:00:00+00:00,2.63
2026-07-01 03:02:00+00:00,U1,7,2026-07-01 00:00:00+00:00,2.92
2026-07-01 03:03:00+00:00,U1,7,2026-07-01 00:00:00+00:00,4.22
2026-07-01 03:04:00+00:00,U1,7,2026-07-01 00:00:00+00:00,6.49
2026-07-01 03:05:00+00:00,U1,7,2026-07-01 00:00:00+00:00,8.02
2026-07-01 03:06:00+00:00,U1,7,2026-07-01 00:00:00+00:00,10.21
2026-07-01 03:07:00+00:00,U1,7,2026-07-01 00:00:00+00:00,10.22
2026-07-01 03:08:00+00:00,U1,7,2026-07-01 00:00:00+00:00,12.21
2026-07-01 03:09:00+00:00,U1,7,2026-07-01 00:00:00+00:00,15.05
2026-07-01 03:10:00+00:00,U1,7,2026-07-01 00:00:00+00:00,15.65
2026-07-01 03:11:00+00:00,U1,7,2026-07-01 00:00:00+00:00,16.7
2026-07-01 03:12:00+00:00,U1,7,2026-07-01 00:00:00+00:00,19.44
2026-07-01 03:13:00+00:00,U1,7,2026-07-01 00:00:00+00:00,20.03
2026-07-01 03:14:00+00:00,U1,7,2026-07-01 00:00:00+00:00,20.12
2026-07-01 03:15:00+00:00,U1,7,2026-07-01 00:00:00+00:00,17.84
2026-07-01 03:16:00+00:00,U1,7,2026-07-01 00:00:00+00:00,15.56
2026-07-01 03:17:00+00:00,U1,7,2026-07-01 00:00:00+00:00,13.85
2026-07-01 03:18:00+00:00,U1,7,2026-07-01 00:00:00+00:00,12.76
2026-07-01 03:19:00+00:00,U1,7,2026-07-01 00:00:00+00:00,10.04
2026-07-01 03:20:00+00:00,U1,7,2026-07-01 00:00:00+00:00,9.04
2026-07-01 03:21:00+00:00,U1,7,2026-07-01 00:00:00+00:00,5.57
2026-07-01 03:22:00+00:00,U1,7,2026-07-01 00:00:00+00:00,3.12
2026-07-01 03:23:00+00:00,U1,7,2026-07-01 00:00:00+00:00,0.39
2026-07-01 03:24:00+00:00,U1,7,2026-07-01 00:00:00+00:00,0.0
2026-07-01 03:25:00+00:00,U1,7,2026-07-01 00:00:00+00:00,0.0
2026-07-01 03:26:00+00:00,U1,7,2026-07-01 00:00:00+00:00,0.0
2026-07-01 03:27:00+00:00,U1,7,2026-07-01 00:00:00+00:00,0.14
2026-07-01 03:28:00+00:00,U1,7,2026-07-01 00:00:00+00:00,0.24
2026-07-01 03:29:00+00:00,U1,7,2026-07-01 00:00:00+00:00,0.0
2026-07-01 03:30:00+00:00,U1,7,2026-07-01 00:00:00+00:00,1.03
2026-07-01 03:31:00+00:00,U1,7,2026-07-01 00:00:00+00:00,1.54
2026-07-01 03:32:00+00:00,U1,7,2026-07-01 00:00:00+00:00,2.41
2026-07-01 03:33:00+00:00,U1,7,2026-07-01 00:00:00+00:00,3.72
2026-07-01 03:34:00+00:00,U1,7,2026-07-01 00:00:00+00:00,4.44
2026-07-01 03:35:00+00:00,U1,7,2026-07-01 00:00:00+00:00,6.89
2026-07-01 03:36:00+00:00,U1,7,2026-07-01 00:00:00+00:00,8.88
2026-07-01 03:37:00+00:00,U1,7,2026-07-01 00:00:00+00:00,10.74
2026-07-01 03:38:00+00:00,U1,7,2026-07-01 00:00:00+00:00,11.23
2026-07-01 03:39:00+00:00,U1,7,2026-07-01 00:00:00+00:00,12.21
2026-07-01 03:40:00+00:00,U1,7,2026-07-01 00:00:00+00:00,17.71
2026-07-01 03:41:00+00:00,U1,7,2026-07-01 00:00:00+00:00,20.08
2026-07-01 03:42:00+00:00,U1,7,2026-07-01 00:00:00+00:00,22.48
2026-07-01 03:43:00+00:00,U1,7,2026-07-01 00:00:00+00:00,26.67
2026-07-01 03:44:00+00:00,U1,7,2026-07-01 00:00:00+00:00,29.54
2026-07-01 03:45:00+00:00,U1,7,2026-07-01 00:00:00+00:00,33.99
2026-07-01 03:46:00+00:00,U1,7,2026-07-01 00:00:00+00:00,36.93
2026-07-01 03:47:00+00:00,U1,7,2026-07-01 00:00:00+00:00,37.31
2026-07-01 03:48:00+00:00,U1,7,2026-07-01 00:00:00+00:00,39.07
2026-07-01 03:49:00+00:00,U1,7,2026-07-01 00:00:00+00:00,43.02
2026-07-01 03:50:00+00:00,U1,7,2026-07-01 00:00:00+00:00,41.92
2026-07-01 03:51:00+00:00,U1,7,2026-07-01 00:00:00+00:00,45.1
2026-07-01 03:52:00+00:00,U1,7,2026-07-01 00:00:00+00:00,49.6
2026-07-01 03:53:00+00:00,U1,7,2026-07-01 00:00:00+00:00,51.45
2026-07-01 03:54:00+00:00,U1,7,2026-07-01 00:00:00+00:00,51.39
2026-07-01 03:55:00+00:00,U1,7,2026-07-01 00:00:00+00:00,55.44
2026-07-01 03:56:00+00:00,U1,7,2026-07-01 00:00:00+00:00,53.92
2026-07-01 03:57:00+00:00,U1,7,2026-07-01 00:00:00+00:00,53.68
2026-07-01 03:58:00+00:00,U1,7,2026-07-01 00:00:00+00:00,54.74
2026-07-01 03:59:00+00:00,U1,7,2026-07-01 00:00:00+00:00,56.22
2026-08-01 00:00:00+00:00,U1,8,2026-08-01 00:00:00+00:00,2.22
2026-08-01 00:01:00+00:00,U1,8,2026-08-01 00:00:00+00:00,2.81
2026-08-01 00:02:00+00:00,U1,8,2026-08-01 00:00:00+00:00,5.81
2026-08-01 00:03:00+00:00,U1,8,2026-08-01 00:00:00+00:00,7.04
2026-08-01 00:04:00+00:00,U1,8,2026-08-01 00:00:00+00:00,6.46
2026-08-01 00:05:00+00:00,U1,8,2026-08-01 00:00:00+00:00,7.93
2026-08-01 00:06:00+00:00,U1,8,2026-08-01 00:00:00+00:00,9.47
2026-08-01 00:07:00+00:00,U1,8,2026-08-01 00:00:00+00:00,10.82
2026-08-01 00:08:00+00:00,U1,8,2026-08-01 00:00:00+00:00,12.16
2026-08-01 00:09:00+00:00,U1,8,2026-08-01 00:00:00+00:00,12.28
2026-08-01 00:10:00+00:00,U1,8,2026-08-01 00:00:00+00:00,14.66
2026-08-01 00:11:00+00:00,U1,8,2026-08-01 00:00:00+00:00,16.14
2026-08-01 00:12:00+00:00,U1,8,2026-08-01 00:00:00+00:00,17.4
2026-08-01 00:13:00+00:00,U1,8,2026-08-01 00:00:00+00:00,17.27
2026-08-01 00:14:00+00:00,U1,8,2026-08-01 00:00:00+00:00,21.34
2026-08-01 00:15:00+00:00,U1,8,2026-08-01 00:00:00+00:00,18.06
2026-08-01 00:16:00+00:00,U1,8,2026-08-01 00:00:00+00:00,16.43
2026-08-01 00:17:00+00:00,U1,8,2026-08-01 00:00:00+00:00,13.7
2026-08-01 00:18:00+00:00,U1,8,2026-08-01 00:00:00+00:00,11.2
2026-08-01 00:19:00+00:00,U1,8,2026-08-01 00:00:00+00:00,8.79
2026-08-01 00:20:00+00:00,U1,8,2026-08-01 00:00:00+00:00,5.63
2026-08-01 00:21:00+00:00,U1,8,2026-08-01 00:00:00+00:00,4.77
2026-08-01 00:22:00+00:00,U1,8,2026-08-01 00:00:00+00:00,1.84
2026-08-01 00:23:00+00:00,U1,8,2026-08-01 00:00:00+00:00,0.97
2026-08-01 00:24:00+00:00,U1,8,2026-08-01 00:00:00+00:00,0.0
2026-08-01 00:25:00+00:00,U1,8,2026-08-01 00:00:00+00:00,0.24
2026-08-01 00:26:00+00:00,U1,8,2026-08-01 00:00:00+00:00,0.0
2026-08-01 00:27:00+00:00,U1,8,2026-08-01 00:00:00+00:00,0.0
2026-08-01 00:28:00+00:00,U1,8,2026-08-01 00:00:00+00:00,0.0
2026-08-01 00:29:00+00:00,U1,8,2026-08-01 00:00:00+00:00,0.0
2026-08-01 00:30:00+00:00,U1,8,2026-08-01 00:00:00+00:00,1.3
2026-08-01 00:31:00+00:00,U1,8,2026-08-01 00:00:00+00:00,1.44
2026-08-01 00:32:00+00:00,U1,8,2026-08-01 00:00:00+00:00,3.25
2026-08-01 00:33:00+00:00,U1,8,2026-08-01 00:00:00+00:00,4.45
2026-08-01 00:34:00+00:00,U1,8,2026-08-01 00:00:00+00:00,6.95
2026-08-01 00:35:00+00:00,U1,8,2026-08-01 00:00:00+00:00,9.82
2026-08-01 00:36:00+00:00,U1,8,2026-08-01 00:00:00+00:00,11.64
2026-08-01 00:37:00+00:00,U1,8,2026-08-01 00:00:00+00:00,14.77
2026-08-01 00:38:00+00:00,U1,8,2026-08-01 00:00:00+00:00,17.57
2026-08-01 00:39:00+00:00,U1,8,2026-08-01 00:00:00+00:00,20.39
2026-08-01 00:40:00+00:00,U1,8,2026-08-01 00:00:00+00:00,25.12
2026-08-01 00:41:00+00:00,U1,8,2026-08-01 00:00:00+00:00,29.04
2026-08-01 00:42:00+00:00,U1,8,2026-08-01 00:00:00+00:00,34.63
2026-08-01 00:43:00+00:00,U1,8,2026-08-01 00:00:00+00:00,37.46
2026-08-01 00:44:00+00:00,U1,8,2026-08-01 00:00:00+00:00,45.45
2026-08-01 00:45:00+00:00,U1,8,2026-08-01 00:00:00+00:00,50.0
2026-08-01 00:46:00+00:00,U1,8,2026-08-01 00:00:00+00:00,50.73
2026-08-01 00:47:00+00:00,U1,8,2026-08-01 00:00:00+00:00,54.48
2026-08-01 00:48:00+00:00,U1,8,2026-08-01 00:00:00+00:00,58.0
2026-08-01 00:49:00+00:00,U1,8,2026-08-01 00:00:00+00:00,66.04
2026-08-01 00:50:00+00:00,U1,8,2026-08-01 00:00:00+00:00,76.06
2026-08-01 00:51:00+00:00,U1,8,2026-08-01 00:00:00+00:00,84.61
2026-08-01 00:52:00+00:00,U1,8,2026-08-01 00:00:00+00:00,92.84
2026-08-01 00:53:00+00:00,U1,8,2026-08-01 00:00:00+00:00,97.97
2026-08-01 00:54:00+00:00,U1,8,2026-08-01 00:00:00+00:00,113.28
2026-08-01 00:55:00+00:00,U1,8,2026-08-01 00:00:00+00:00,115.87
2026-08-01 00:56:00+00:00,U1,8,2026-08-01 00:00:00+00:00,120.79
2026-08-01 00:57:00+00:00,U1,8,2026-08-01 00:00:00+00:00,120.11
2026-08-01 00:58:00+00:00,U1,8,2026-08-01 00:00:00+00:00,126.63
2026-08-01 00:59:00+00:00,U1,8,2026-08-01 00:00:00+00:00,125.88
2026-08-01 01:00:00+00:00,U1,8,2026-08-01 00:00:00+00:00,114.67
2026-08-01 01:01:00+00:00,U1,8,2026-08-01 00:00:00+00:00,103.56
2026-08-01 01:02:00+00:00,U1,8,2026-08-01 00:00:00+00:00,85.06
2026-08-01 01:03:00+00:00,U1,8,2026-08-01 00:00:00+00:00,77.89
2026-08-01 01:04:00+00:00,U1,8,2026-08-01 00:00:00+00:00,63.87
2026-08-01 01:05:00+00:00,U1,8,2026-08-01 00:00:00+00:00,52.72
2026-08-01 01:06:00+00:00,U1,8,2026-08-01 00:00:00+00:00,44.74
2026-08-01 01:07:00+00:00,U1,8,2026-08-01 00:00:00+00:00,39.39
2026-08-01 01:08:00+00:00,U1,8,2026-08-01 00:00:00+00:00,34.06
2026-08-01 01:09:00+00:00,U1,8,2026-08-01 00:00:00+00:00,29.04
2026-08-01 01:10:00+00:00,U1,8,2026-08-01 00:00:00+00:00,24.84
2026-08-01 01:11:00+00:00,U1,8,2026-08-01 00:00:00+00:00,26.57
2026-08-01 01:12:00+00:00,U1,8,2026-08-01 00:00:00+00:00,28.68
2026-08-01 01:13:00+00:00,U1,8,2026-08-01 00:00:00+00:00,27.08
2026-08-01 01:14:00+00:00,U1,8,2026-08-01 00:00:00+00:00,24.57
2026-08-01 01:15:00+00:00,U1,8,2026-08-01 00:00:00+00:00,23.13
2026-08-01 01:16:00+00:00,U1,8,2026-08-01 00:00:00+00:00,19.01
2026-08-01 01:17:00+00:00,U1,8,2026-08-01 00:00:00+00:00,14.48
2026-08-01 01:18:00+00:00,U1,8,2026-08-01 00:00:00+00:00,12.07
2026-08-01 01:19:00+00:00,U1,8,2026-08-01 00:00:00+00:00,9.5
2026-08-01 01:20:00+00:00,U1,8,2026-08-01 00:00:00+00:00,4.14
2026-08-01 01:21:00+00:00,U1,8,2026-08-01 00:00:00+00:00,2.04
2026-08-01 01:22:00+00:00,U1,8,2026-08-01 00:00:00+00:00,0.73
2026-08-01 01:23:00+00:00,U1,8,2026-08-01 00:00:00+00:00,0.22
2026-08-01 01:24:00+00:00,U1,8,2026-08-01 00:00:00+00:00,0.0
2026-08-01 01:25:00+00:00,U1,8,2026-08-01 00:00:00+00:00,0.16
2026-08-01 01:26:00+00:00,U1,8,2026-08-01 00:00:00+00:00,0.0
2026-08-01 01:27:00+00:00,U1,8,2026-08-01 00:00:00+00:00,0.53
2026-08-01 01:28:00+00:00,U1,8,2026-08-01 00:00:00+00:00,0.0
2026-08-01 01:29:00+00:00,U1,8,2026-08-01 00:00:00+00:00,0.06
2026-08-01 01:30:00+00:00,U1,8,2026-08-01 00:00:00+00:00,0.58
2026-08-01 01:31:00+00:00,U1,8,2026-08-01 00:00:00+00:00,2.19
2026-08-01 01:32:00+00:00,U1,8,2026-08-01 00:00:00+00:00,3.33
2026-08-01 01:33:00+00:00,U1,8,2026-08-01 00:00:00+00:00,4.09
2026-08-01 01:34:00+00:00,U1,8,2026-08-01 00:00:00+00:00,5.27
2026-08-01 01:35:00+00:00,U1,8,2026-08-01 00:00:00+00:00,5.9
2026-08-01 01:36:00+00:00,U1,8,2026-08-01 00:00:00+00:00,7.07
2026-08-01 01:37:00+00:00,U1,8,2026-08-01 00:00:00+00:00,9.3
2026-08-01 01:38:00+00:00,U1,8,2026-08-01 00:00:00+00:00,9.7
2026-08-01 01:39:00+00:00,U1,8,2026-08-01 00:00:00+00:00,10.87
2026-08-01 01:40:00+00:00,U1,8,2026-08-01 00:00:00+00:00,12.11
2026-08-01 01:41:00+00:00,U1,8,2026-08-01 00:00:00+00:00,13.51
2026-08-01 01:42:00+00:00,U1,8,2026-08-01 00:00:00+00:00,16.09
2026-08-01 01:43:00+00:00,U1,8,2026-08-01 00:00:00+00:00,16.77
2026-08-01 01:44:00+00:00,U1,8,2026-08-01 00:00:00+00:00,16.95
2026-08-01 01:45:00+00:00,U1,8,2026-08-01 00:00:00+00:00,13.93
2026-08-01 01:46:00+00:00,U1,8,2026-08-01 00:00:00+00:00,12.61
2026-08-01 01:47:00+00:00,U1,8,2026-08-01 00:00:00+00:00,9.61
2026-08-01 01:48:00+00:00,U1,8,2026-08-01 00:00:00+00:00,6.71
2026-08-01 01:49:00+00:00,U1,8,2026-08-01 00:00:00+00:00,3.87
2026-08-01 01:50:00+00:00,U1,8,2026-08-01 00:00:00+00:00,1.78
2026-08-01 01:51:00+00:00,U1,8,2026-08-01 00:00:00+00:00,1.06
2026-08-01 01:52:00+00:00,U1,8,2026-08-01 00:00:00+00:00,0.0
2026-08-01 01:53:00+00:00,U1,8,2026-08-01 00:00:00+00:00,0.0
2026-08-01 01:54:00+00:00,U1,8,2026-08-01 00:00:00+00:00,0.0
2026-08-01 01:55:00+00:00,U1,8,2026-08-01 00:00:00+00:00,0.0
2026-08-01 01:56:00+00:00,U1,8,2026-08-01 00:00:00+00:00,0.84
2026-08-01 01:57:00+00:00,U1,8,2026-08-01 00:00:00+00:00,0.5
2026-08-01 01:58:00+00:00,U1,8,2026-08-01 00:00:00+00:00,0.07
2026-08-01 01:59:00+00:00,U1,8,2026-08-01 00:00:00+00:00,0.0
2026-08-01 02:00:00+00:00,U1,8,2026-08-01 00:00:00+00:00,1.69
2026-08-01 02:01:00+00:00,U1,8,2026-08-01 00:00:00+00:00,3.83
2026-08-01 02:02:00+00:00,U1,8,2026-08-01 00:00:00+00:00,6.54
2026-08-01 02:03:00+00:00,U1,8,2026-08-01 00:00:00+00:00,10.12
2026-08-01 02:04:00+00:00,U1,8,2026-08-01 00:00:00+00:00,11.68
2026-08-01 02:05:00+00:00,U1,8,2026-08-01 00:00:00+00:00,13.2
2026-08-01 02:06:00+00:00,U1,8,2026-08-01 00:00:00+00:00,16.53
2026-08-01 02:07:00+00:00,U1,8,2026-08-01 00:00:00+00:00,20.33
2026-08-01 02:08:00+00:00,U1,8,2026-08-01 00:00:00+00:00,24.74
2026-08-01 02:09:00+00:00,U1,8,2026-08-01 00:00:00+00:00,29.84
2026-08-01 02:10:00+00:00,U1,8,2026-08-01 00:00:00+00:00,33.4
2026-08-01 02:11:00+00:00,U1,8,2026-08-01 00:00:00+00:00,35.69
2026-08-01 02:12:00+00:00,U1,8,2026-08-01 00:00:00+00:00,41.12
2026-08-01 02:13:00+00:00,U1,8,2026-08-01 00:00:00+00:00,45.4
2026-08-01 02:14:00+00:00,U1,8,2026-08-01 00:00:00+00:00,50.64
2026-08-01 02:15:00+00:00,U1,8,2026-08-01 00:00:00+00:00,57.74
2026-08-01 02:16:00+00:00,U1,8,2026-08-01 00:00:00+00:00,63.39
2026-08-01 02:17:00+00:00,U1,8,2026-08-01 00:00:00+00:00,63.34
2026-08-01 02:18:00+00:00,U1,8,2026-08-01 00:00:00+00:00,62.07
2026-08-01 02:19:00+00:00,U1,8,2026-08-01 00:00:00+00:00,67.57
2026-08-01 02:20:00+00:00,U1,8,2026-08-01 00:00:00+00:00,65.8
2026-08-01 02:21:00+00:00,U1,8,2026-08-01 00:00:00+00:00,70.38
2026-08-01 02:22:00+00:00,U1,8,2026-08-01 00:00:00+00:00,73.87
2026-08-01 02:23:00+00:00,U1,8,2026-08-01 00:00:00+00:00,83.2
2026-08-01 02:24:00+00:00,U1,8,2026-08-01 00:00:00+00:00,89.25
2026-08-01 02:25:00+00:00,U1,8,2026-08-01 00:00:00+00:00,91.52
2026-08-01 02:26:00+00:00,U1,8,2026-08-01 00:00:00+00:00,107.98
2026-08-01 02:27:00+00:00,U1,8,2026-08-01 00:00:00+00:00,109.28
2026-08-01 02:28:00+00:00,U1,8,2026-08-01 00:00:00+00:00,117.97
2026-08-01 02:29:00+00:00,U1,8,2026-08-01 00:00:00+00:00,123.29
2026-08-01 02:30:00+00:00,U1,8,2026-08-01 00:00:00+00:00,124.81
2026-08-01 02:31:00+00:00,U1,8,2026-08-01 00:00:00+00:00,100.24
2026-08-01 02:32:00+00:00,U1,8,2026-08-01 00:00:00+00:00,101.85
2026-08-01 02:33:00+00:00,U1,8,2026-08-01 00:00:00+00:00,87.43
2026-08-01 02:34:00+00:00,U1,8,2026-08-01 00:00:00+00:00,83.06
2026-08-01 02:35:00+00:00,U1,8,2026-08-01 00:00:00+00:00,73.29
2026-08-01 02:36:00+00:00,U1,8,2026-08-01 00:00:00+00:00,74.61
2026-08-01 02:37:00+00:00,U1,8,2026-08-01 00:00:00+00:00,64.86
2026-08-01 02:38:00+00:00,U1,8,2026-08-01 00:00:00+00:00,61.72
2026-08-01 02:39:00+00:00,U1,8,2026-08-01 00:00:00+00:00,55.08
2026-08-01 02:40:00+00:00,U1,8,2026-08-01 00:00:00+00:00,46.54
2026-08-01 02:41:00+00:00,U1,8,2026-08-01 00:00:00+00:00,45.76
2026-08-01 02:42:00+00:00,U1,8,2026-08-01 00:00:00+00:00,44.7
2026-08-01 02:43:00+00:00,U1,8,2026-08-01 00:00:00+00:00,40.57
2026-08-01 02:44:00+00:00,U1,8,2026-08-01 00:00:00+00:00,36.98
2026-08-01 02:45:00+00:00,U1,8,2026-08-01 00:00:00+00:00,35.6
2026-08-01 02:46:00+00:00,U1,8,2026-08-01 00:00:00+00:00,31.37
2026-08-01 02:47:00+00:00,U1,8,2026-08-01 00:00:00+00:00,25.55
2026-08-01 02:48:00+00:00,U1,8,2026-08-01 00:00:00+00:00,20.52
2026-08-01 02:49:00+00:00,U1,8,2026-08-01 00:00:00+00:00,17.53
2026-08-01 02:50:00+00:00,U1,8,2026-08-01 00:00:00+00:00,16.39
2026-08-01 02:51:00+00:00,U1,8,2026-08-01 00:00:00+00:00,11.46
2026-08-01 02:52:00+00:00,U1,8,2026-08-01 00:00:00+00:00,8.15
2026-08-01 02:53:00+00:00,U1,8,2026-08-01 00:00:00+00:00,5.41
2026-08-01 02:54:00+00:00,U1,8,2026-08-01 00:00:00+00:00,2.28
2026-08-01 02:55:00+00:00,U1,8,2026-08-01 00:00:00+00:00,0.08
2026-08-01 02:56:00+00:00,U1,8,2026-08-01 00:00:00+00:00,0.0
2026-08-01 02:57:00+00:00,U1,8,2026-08-01 00:00:00+00:00,0.18
2026-08-01 02:58:00+00:00,U1,8,2026-08-01 00:00:00+00:00,0.58
2026-08-01 02:59:00+00:00,U1,8,2026-08-01 00:00:00+00:00,0.49
2026-08-01 03:00:00+00:00,U1,8,2026-08-01 00:00:00+00:00,1.59
2026-08-01 03:01:00+00:00,U1,8,2026-08-01 00:00:00+00:00,2.8
2026-08-01 03:02:00+00:00,U1,8,2026-08-01 00:00:00+00:00,3.87
2026-08-01 03:03:00+00:00,U1,8,2026-08-01 00:00:00+00:00,5.37
2026-08-01 03:04:00+00:00,U1,8,2026-08-01 00:00:00+00:00,5.18
2026-08-01 03:05:00+00:00,U1,8,2026-08-01 00:00:00+00:00,6.34
2026-08-01 03:06:00+00:00,U1,8,2026-08-01 00:00:00+00:00,8.02
2026-08-01 03:07:00+00:00,U1,8,2026-08-01 00:00:00+00:00,8.73
2026-08-01 03:08:00+00:00,U1,8,2026-08-01 00:00:00+00:00,10.72
2026-08-01 03:09:00+00:00,U1,8,2026-08-01 00:00:00+00:00,10.36
2026-08-01 03:10:00+00:00,U1,8,2026-08-01 00:00:00+00:00,11.92
2026-08-01 03:11:00+00:00,U1,8,2026-08-01 00:00:00+00:00,13.67
2026-08-01 03:12:00+00:00,U1,8,2026-08-01 00:00:00+00:00,14.83
2026-08-01 03:13:00+00:00,U1,8,2026-08-01 00:00:00+00:00,16.22
2026-08-01 03:14:00+00:00,U1,8,2026-08-01 00:00:00+00:00,18.38
2026-08-01 03:15:00+00:00,U1,8,2026-08-01 00:00:00+00:00,16.34
2026-08-01 03:16:00+00:00,U1,8,2026-08-01 00:00:00+00:00,13.56
2026-08-01 03:17:00+00:00,U1,8,2026-08-01 00:00:00+00:00,11.12
2026-08-01 03:18:00+00:00,U1,8,2026-08-01 00:00:00+00:00,8.83
2026-08-01 03:19:00+00:00,U1,8,2026-08-01 00:00:00+00:00,6.69
2026-08-01 03:20:00+00:00,U1,8,2026-08-01 00:00:00+00:00,4.97
2026-08-01 03:21:00+00:00,U1,8,2026-08-01 00:00:00+00:00,2.27
2026-08-01 03:22:00+00:00,U1,8,2026-08-01 00:00:00+00:00,0.86
2026-08-01 03:23:00+00:00,U1,8,2026-08-01 00:00:00+00:00,0.55
2026-08-01 03:24:00+00:00,U1,8,2026-08-01 00:00:00+00:00,0.54
2026-08-01 03:25:00+00:00,U1,8,2026-08-01 00:00:00+00:00,0.8
2026-08-01 03:26:00+00:00,U1,8,2026-08-01 00:00:00+00:00,0.21
2026-08-01 03:27:00+00:00,U1,8,2026-08-01 00:00:00+00:00,0.78
2026-08-01 03:28:00+00:00,U1,8,2026-08-01 00:00:00+00:00,0.43
2026-08-01 03:29:00+00:00,U1,8,2026-08-01 00:00:00+00:00,0.0
2026-08-01 03:30:00+00:00,U1,8,2026-08-01 00:00:00+00:00,1.2
2026-08-01 03:31:00+00:00,U1,8,2026-08-01 00:00:00+00:00,2.62
2026-08-01 03:32:00+00:00,U1,8,2026-08-01 00:00:00+00:00,2.69
2026-08-01 03:33:00+00:00,U1,8,2026-08-01 00:00:00+00:00,5.04
2026-08-01 03:34:00+00:00,U1,8,2026-08-01 00:00:00+00:00,6.98
2026-08-01 03:35:00+00:00,U1,8,2026-08-01 00:00:00+00:00,8.95
2026-08-01 03:36:00+00:00,U1,8,2026-08-01 00:00:00+00:00,12.04
2026-08-01 03:37:00+00:00,U1,8,2026-08-01 00:00:00+00:00,14.8
2026-08-01 03:38:00+00:00,U1,8,2026-08-01 00:00:00+00:00,17.95
2026-08-01 03:39:00+00:00,U1,8,2026-08-01 00:00:00+00:00,20.0
2026-08-01 03:40:00+00:00,U1,8,2026-08-01 00:00:00+00:00,21.83
2026-08-01 03:41:00+00:00,U1,8,2026-08-01 00:00:00+00:00,27.78
2026-08-01 03:42:00+00:00,U1,8,2026-08-01 00:00:00+00:00,27.87
2026-08-01 03:43:00+00:00,U1,8,2026-08-01 00:00:00+00:00,34.6
2026-08-01 03:44:00+00:00,U1,8,2026-08-01 00:00:00+00:00,40.91
2026-08-01 03:45:00+00:00,U1,8,2026-08-01 00:00:00+00:00,40.06
2026-08-01 03:46:00+00:00,U1,8,2026-08-01 00:00:00+00:00,38.76
2026-08-01 03:47:00+00:00,U1,8,2026-08-01 00:00:00+00:00,39.89
2026-08-01 03:48:00+00:00,U1,8,2026-08-01 00:00:00+00:00,43.4
2026-08-01 03:49:00+00:00,U1,8,2026-08-01 00:00:00+00:00,46.34
2026-08-01 03:50:00+00:00,U1,8,2026-08-01 00:00:00+00:00,53.04
2026-08-01 03:51:00+00:00,U1,8,2026-08-01 00:00:00+00:00,50.36
2026-08-01 03:52:00+00:00,U1,8,2026-08-01 00:00:00+00:00,55.55
2026-08-01 03:53:00+00:00,U1,8,2026-08-01 00:00:00+00:00,54.73
2026-08-01 03:54:00+00:00,U1,8,2026-08-01 00:00:00+00:00,61.82
2026-08-01 03:55:00+00:00,U1,8,2026-08-01 00:00:00+00:00,65.12
2026-08-01 03:56:00+00:00,U1,8,2026-08-01 00:00:00+00:00,70.31
2026-08-01 03:57:00+00:00,U1,8,2026-08-01 00:00:00+00:00,74.9
2026-08-01 03:58:00+00:00,U1,8,2026-08-01 00:00:00+00:00,81.4
2026-08-01 03:59:00+00:00,U1,8,2026-08-01 00:00:00+00:00,94.2
2026-09-01 00:00:00+00:00,U1,9,2026-09-01 00:00:00+00:00,0.0
2026-09-01 00:01:00+00:00,U1,9,2026-09-01 00:00:00+00:00,2.4
2026-09-01 00:02:00+00:00,U1,9,2026-09-01 00:00:00+00:00,3.56
2026-09-01 00:03:00+00:00,U1,9,2026-09-01 00:00:00+00:00,5.49
2026-09-01 00:04:00+00:00,U1,9,2026-09-01 00:00:00+00:00,5.56
2026-09-01 00:05:00+00:00,U1,9,2026-09-01 00:00:00+00:00,7.17
2026-09-01 00:06:00+00:00,U1,9,2026-09-01 00:00:00+00:00,8.86
2026-09-01 00:07:00+00:00,U1,9,2026-09-01 00:00:00+00:00,10.59
2026-09-01 00:08:00+00:00,U1,9,2026-09-01 00:00:00+00:00,11.22
2026-09-01 00:09:00+00:00,U1,9,2026-09-01 00:00:00+00:00,11.86
2026-09-01 00:10:00+00:00,U1,9,2026-09-01 00:00:00+00:00,12.88
2026-09-01 00:11:00+00:00,U1,9,2026-09-01 00:00:00+00:00,12.72
2026-09-01 00:12:00+00:00,U1,9,2026-09-01 00:00:00+00:00,14.06
2026-09-01 00:13:00+00:00,U1,9,2026-09-01 00:00:00+00:00,15.77
2026-09-01 00:14:00+00:00,U1,9,2026-09-01 00:00:00+00:00,16.6
2026-09-01 00:15:00+00:00,U1,9,2026-09-01 00:00:00+00:00,13.96
2026-09-01 00:16:00+00:00,U1,9,2026-09-01 00:00:00+00:00,12.1
2026-09-01 00:17:00+00:00,U1,9,2026-09-01 00:00:00+00:00,10.52
2026-09-01 00:18:00+00:00,U1,9,2026-09-01 00:00:00+00:00,8.42
2026-09-01 00:19:00+00:00,U1,9,2026-09-01 00:00:00+00:00,5.35
2026-09-01 00:20:00+00:00,U1,9,2026-09-01 00:00:00+00:00,4.21
2026-09-01 00:21:00+00:00,U1,9,2026-09-01 00:00:00+00:00,0.89
2026-09-01 00:22:00+00:00,U1,9,2026-09-01 00:00:00+00:00,0.58
2026-09-01 00:23:00+00:00,U1,9,2026-09-01 00:00:00+00:00,0.7
2026-09-01 00:24:00+00:00,U1,9,2026-09-01 00:00:00+00:00,0.0
2026-09-01 00:25:00+00:00,U1,9,2026-09-01 00:00:00+00:00,0.31
2026-09-01 00:26:00+00:00,U1,9,2026-09-01 00:00:00+00:00,0.19
2026-09-01 00:27:00+00:00,U1,9,2026-09-01 00:00:00+00:00,0.0
2026-09-01 00:28:00+00:00,U1,9,2026-09-01 00:00:00+00:00,0.0
2026-09-01 00:29:00+00:00,U1,9,2026-09-01 00:00:00+00:00,0.23
2026-09-01 00:30:00+00:00,U1,9,2026-09-01 00:00:00+00:00,2.57
2026-09-01 00:31:00+00:00,U1,9,2026-09-01 00:00:00+00:00,4.32
2026-09-01 00:32:00+00:00,U1,9,2026-09-01 00:00:00+00:00,5.1
2026-09-01 00:33:00+00:00,U1,9,2026-09-01 00:00:00+00:00,7.6
2026-09-01 00:34:00+00:00,U1,9,2026-09-01 00:00:00+00:00,8.62
2026-09-01 00:35:00+00:00,U1,9,2026-09-01 00:00:00+00:00,11.31
2026-09-01 00:36:00+00:00,U1,9,2026-09-01 00:00:00+00:00,13.42
2026-09-01 00:37:00+00:00,U1,9,2026-09-01 00:00:00+00:00,16.8
2026-09-01 00:38:00+00:00,U1,9,2026-09-01 00:00:00+00:00,19.82
2026-09-01 00:39:00+00:00,U1,9,2026-09-01 00:00:00+00:00,23.98
2026-09-01 00:40:00+00:00,U1,9,2026-09-01 00:00:00+00:00,26.35
2026-09-01 00:41:00+00:00,U1,9,2026-09-01 00:00:00+00:00,30.54
2026-09-01 00:42:00+00:00,U1,9,2026-09-01 00:00:00+00:00,33.56
2026-09-01 00:43:00+00:00,U1,9,2026-09-01 00:00:00+00:00,38.36
2026-09-01 00:44:00+00:00,U1,9,2026-09-01 00:00:00+00:00,41.17
2026-09-01 00:45:00+00:00,U1,9,2026-09-01 00:00:00+00:00,46.77
2026-09-01 00:46:00+00:00,U1,9,2026-09-01 00:00:00+00:00,52.27
2026-09-01 00:47:00+00:00,U1,9,2026-09-01 00:00:00+00:00,54.71
2026-09-01 00:48:00+00:00,U1,9,2026-09-01 00:00:00+00:00,53.97
2026-09-01 00:49:00+00:00,U1,9,2026-09-01 00:00:00+00:00,52.36
2026-09-01 00:50:00+00:00,U1,9,2026-09-01 00:00:00+00:00,57.45
2026-09-01 00:51:00+00:00,U1,9,2026-09-01 00:00:00+00:00,61.68
2026-09-01 00:52:00+00:00,U1,9,2026-09-01 00:00:00+00:00,65.94
2026-09-01 00:53:00+00:00,U1,9,2026-09-01 00:00:00+00:00,71.39
2026-09-01 00:54:00+00:00,U1,9,2026-09-01 00:00:00+00:00,76.18
2026-09-01 00:55:00+00:00,U1,9,2026-09-01 00:00:00+00:00,87.37
2026-09-01 00:56:00+00:00,U1,9,2026-09-01 00:00:00+00:00,96.86
2026-09-01 00:57:00+00:00,U1,9,2026-09-01 00:00:00+00:00,109.31
2026-09-01 00:58:00+00:00,U1,9,2026-09-01 00:00:00+00:00,114.42
2026-09-01 00:59:00+00:00,U1,9,2026-09-01 00:00:00+00:00,120.76
2026-09-01 01:00:00+00:00,U1,9,2026-09-01 00:00:00+00:00,120.06
2026-09-01 01:01:00+00:00,U1,9,2026-09-01 00:00:00+00:00,98.52
2026-09-01 01:02:00+00:00,U1,9,2026-09-01 00:00:00+00:00,98.09
2026-09-01 01:03:00+00:00,U1,9,2026-09-01 00:00:00+00:00,93.18
2026-09-01 01:04:00+00:00,U1,9,2026-09-01 00:00:00+00:00,81.14
2026-09-01 01:05:00+00:00,U1,9,2026-09-01 00:00:00+00:00,70.8
2026-09-01 01:06:00+00:00,U1,9,2026-09-01 00:00:00+00:00,63.08
2026-09-01 01:07:00+00:00,U1,9,2026-09-01 00:00:00+00:00,63.0
2026-09-01 01:08:00+00:00,U1,9,2026-09-01 00:00:00+00:00,61.92
2026-09-01 01:09:00+00:00,U1,9,2026-09-01 00:00:00+00:00,61.76
2026-09-01 01:10:00+00:00,U1,9,2026-09-01 00:00:00+00:00,60.72
2026-09-01 01:11:00+00:00,U1,9,2026-09-01 00:00:00+00:00,59.5
2026-09-01 01:12:00+00:00,U1,9,2026-09-01 00:00:00+00:00,49.06
2026-09-01 01:13:00+00:00,U1,9,2026-09-01 00:00:00+00:00,51.17
2026-09-01 01:14:00+00:00,U1,9,2026-09-01 00:00:00+00:00,44.62
2026-09-01 01:15:00+00:00,U1,9,2026-09-01 00:00:00+00:00,36.94
2026-09-01 01:16:00+00:00,U1,9,2026-09-01 00:00:00+00:00,31.34
2026-09-01 01:17:00+00:00,U1,9,2026-09-01 00:00:00+00:00,25.81
2026-09-01 01:18:00+00:00,U1,9,2026-09-01 00:00:00+00:00,18.92
2026-09-01 01:19:00+00:00,U1,9,2026-09-01 00:00:00+00:00,12.92
2026-09-01 01:20:00+00:00,U1,9,2026-09-01 00:00:00+00:00,10.21
2026-09-01 01:21:00+00:00,U1,9,2026-09-01 00:00:00+00:00,6.98
2026-09-01 01:22:00+00:00,U1,9,2026-09-01 00:00:00+00:00,3.08
2026-09-01 01:23:00+00:00,U1,9,2026-09-01 00:00:00+00:00,1.47
2026-09-01 01:24:00+00:00,U1,9,2026-09-01 00:00:00+00:00,0.34
2026-09-01 01:25:00+00:00,U1,9,2026-09-01 00:00:00+00:00,0.0
2026-09-01 01:26:00+00:00,U1,9,2026-09-01 00:00:00+00:00,0.72
2026-09-01 01:27:00+00:00,U1,9,2026-09-01 00:00:00+00:00,0.0
2026-09-01 01:28:00+00:00,U1,9,2026-09-01 00:00:00+00:00,0.57
2026-09-01 01:29:00+00:00,U1,9,2026-09-01 00:00:00+00:00,0.0
2026-09-01 01:30:00+00:00,U1,9,2026-09-01 00:00:00+00:00,2.41
2026-09-01 01:31:00+00:00,U1,9,2026-09-01 00:00:00+00:00,2.22
2026-09-01 01:32:00+00:00,U1,9,2026-09-01 00:00:00+00:00,3.47
2026-09-01 01:33:00+00:00,U1,9,2026-09-01 00:00:00+00:00,5.21
2026-09-01 01:34:00+00:00,U1,9,2026-09-01 00:00:00+00:00,6.29
2026-09-01 01:35:00+00:00,U1,9,2026-09-01 00:00:00+00:00,7.93
2026-09-01 01:36:00+00:00,U1,9,2026-09-01 00:00:00+00:00,8.83
2026-09-01 01:37:00+00:00,U1,9,2026-09-01 00:00:00+00:00,11.34
2026-09-01 01:38:00+00:00,U1,9,2026-09-01 00:00:00+00:00,10.44
2026-09-01 01:39:00+00:00,U1,9,2026-09-01 00:00:00+00:00,13.82
2026-09-01 01:40:00+00:00,U1,9,2026-09-01 00:00:00+00:00,15.77
2026-09-01 01:41:00+00:00,U1,9,2026-09-01 00:00:00+00:00,15.96
2026-09-01 01:42:00+00:00,U1,9,2026-09-01 00:00:00+00:00,18.83
2026-09-01 01:43:00+00:00,U1,9,2026-09-01 00:00:00+00:00,19.14
2026-09-01 01:44:00+00:00,U1,9,2026-09-01 00:00:00+00:00,20.5
2026-09-01 01:45:00+00:00,U1,9,2026-09-01 00:00:00+00:00,18.02
2026-09-01 01:46:00+00:00,U1,9,2026-09-01 00:00:00+00:00,16.02
2026-09-01 01:47:00+00:00,U1,9,2026-09-01 00:00:00+00:00,13.47
2026-09-01 01:48:00+00:00,U1,9,2026-09-01 00:00:00+00:00,10.55
2026-09-01 01:49:00+00:00,U1,9,2026-09-01 00:00:00+00:00,9.09
2026-09-01 01:50:00+00:00,U1,9,2026-09-01 00:00:00+00:00,6.92
2026-09-01 01:51:00+00:00,U1,9,2026-09-01 00:00:00+00:00,5.76
2026-09-01 01:52:00+00:00,U1,9,2026-09-01 00:00:00+00:00,2.72
2026-09-01 01:53:00+00:00,U1,9,2026-09-01 00:00:00+00:00,0.0
2026-09-01 01:54:00+00:00,U1,9,2026-09-01 00:00:00+00:00,0.28
2026-09-01 01:55:00+00:00,U1,9,2026-09-01 00:00:00+00:00,0.0
2026-09-01 01:56:00+00:00,U1,9,2026-09-01 00:00:00+00:00,0.0
2026-09-01 01:57:00+00:00,U1,9,2026-09-01 00:00:00+00:00,0.48
2026-09-01 01:58:00+00:00,U1,9,2026-09-01 00:00:00+00:00,0.0
2026-09-01 01:59:00+00:00,U1,9,2026-09-01 00:00:00+00:00,0.37
2026-09-01 02:00:00+00:00,U1,9,2026-09-01 00:00:00+00:00,2.32
2026-09-01 02:01:00+00:00,U1,9,2026-09-01 00:00:00+00:00,2.8
2026-09-01 02:02:00+00:00,U1,9,2026-09-01 00:00:00+00:00,4.98
2026-09-01 02:03:00+00:00,U1,9,2026-09-01 00:00:00+00:00,5.67
2026-09-01 02:04:00+00:00,U1,9,2026-09-01 00:00:00+00:00,6.54
2026-09-01 02:05:00+00:00,U1,9,2026-09-01 00:00:00+00:00,8.92
2026-09-01 02:06:00+00:00,U1,9,2026-09-01 00:00:00+00:00,12.35
2026-09-01 02:07:00+00:00,U1,9,2026-09-01 00:00:00+00:00,13.26
2026-09-01 02:08:00+00:00,U1,9,2026-09-01 00:00:00+00:00,16.55
2026-09-01 02:09:00+00:00,U1,9,2026-09-01 00:00:00+00:00,18.5
2026-09-01 02:10:00+00:00,U1,9,2026-09-01 00:00:00+00:00,23.99
2026-09-01 02:11:00+00:00,U1,9,2026-09-01 00:00:00+00:00,28.58
2026-09-01 02:12:00+00:00,U1,9,2026-09-01 00:00:00+00:00,34.92
2026-09-01 02:13:00+00:00,U1,9,2026-09-01 00:00:00+00:00,43.51
2026-09-01 02:14:00+00:00,U1,9,2026-09-01 00:00:00+00:00,53.75
2026-09-01 02:15:00+00:00,U1,9,2026-09-01 00:00:00+00:00,50.85
2026-09-01 02:16:00+00:00,U1,9,2026-09-01 00:00:00+00:00,48.1
2026-09-01 02:17:00+00:00,U1,9,2026-09-01 00:00:00+00:00,52.74
2026-09-01 02:18:00+00:00,U1,9,2026-09-01 00:00:00+00:00,56.67
2026-09-01 02:19:00+00:00,U1,9,2026-09-01 00:00:00+00:00,61.06
2026-09-01 02:20:00+00:00,U1,9,2026-09-01 00:00:00+00:00,69.04
2026-09-01 02:21:00+00:00,U1,9,2026-09-01 00:00:00+00:00,69.45
2026-09-01 02:22:00+00:00,U1,9,2026-09-01 00:00:00+00:00,74.45
2026-09-01 02:23:00+00:00,U1,9,2026-09-01 00:00:00+00:00,76.08
2026-09-01 02:24:00+00:00,U1,9,2026-09-01 00:00:00+00:00,85.36
2026-09-01 02:25:00+00:00,U1,9,2026-09-01 00:00:00+00:00,95.92
2026-09-01 02:26:00+00:00,U1,9,2026-09-01 00:00:00+00:00,103.86
2026-09-01 02:27:00+00:00,U1,9,2026-09-01 00:00:00+00:00,119.66
2026-09-01 02:28:00+00:00,U1,9,2026-09-01 00:00:00+00:00,119.02
2026-09-01 02:29:00+00:00,U1,9,2026-09-01 00:00:00+00:00,119.13
2026-09-01 02:30:00+00:00,U1,9,2026-09-01 00:00:00+00:00,98.43
2026-09-01 02:31:00+00:00,U1,9,2026-09-01 00:00:00+00:00,86.04
2026-09-01 02:32:00+00:00,U1,9,2026-09-01 00:00:00+00:00,73.92
2026-09-01 02:33:00+00:00,U1,9,2026-09-01 00:00:00+00:00,72.48
2026-09-01 02:34:00+00:00,U1,9,2026-09-01 00:00:00+00:00,60.23
2026-09-01 02:35:00+00:00,U1,9,2026-09-01 00:00:00+00:00,59.23
2026-09-01 02:36:00+00:00,U1,9,2026-09-01 00:00:00+00:00,54.41
2026-09-01 02:37:00+00:00,U1,9,2026-09-01 00:00:00+00:00,48.69
2026-09-01 02:38:00+00:00,U1,9,2026-09-01 00:00:00+00:00,44.79
2026-09-01 02:39:00+00:00,U1,9,2026-09-01 00:00:00+00:00,43.94
2026-09-01 02:40:00+00:00,U1,9,2026-09-01 00:00:00+00:00,41.79
2026-09-01 02:41:00+00:00,U1,9,2026-09-01 00:00:00+00:00,39.42
2026-09-01 02:42:00+00:00,U1,9,2026-09-01 00:00:00+00:00,35.23
2026-09-01 02:43:00+00:00,U1,9,2026-09-01 00:00:00+00:00,31.91
2026-09-01 02:44:00+00:00,U1,9,2026-09-01 00:00:00+00:00,29.56
2026-09-01 02:45:00+00:00,U1,9,2026-09-01 00:00:00+00:00,22.54
2026-09-01 02:46:00+00:00,U1,9,2026-09-01 00:00:00+00:00,20.5
2026-09-01 02:47:00+00:00,U1,9,2026-09-01 00:00:00+00:00,16.88
2026-09-01 02:48:00+00:00,U1,9,2026-09-01 00:00:00+00:00,12.99
2026-09-01 02:49:00+00:00,U1,9,2026-09-01 00:00:00+00:00,9.16
2026-09-01 02:50:00+00:00,U1,9,2026-09-01 00:00:00+00:00,7.33
2026-09-01 02:51:00+00:00,U1,9,2026-09-01 00:00:00+00:00,4.74
2026-09-01 02:52:00+00:00,U1,9,2026-09-01 00:00:00+00:00,2.75
2026-09-01 02:53:00+00:00,U1,9,2026-09-01 00:00:00+00:00,0.39
2026-09-01 02:54:00+00:00,U1,9,2026-09-01 00:00:00+00:00,0.0
2026-09-01 02:55:00+00:00,U1,9,2026-09-01 00:00:00+00:00,0.12
2026-09-01 02:56:00+00:00,U1,9,2026-09-01 00:00:00+00:00,0.43
2026-09-01 02:57:00+00:00,U1,9,2026-09-01 00:00:00+00:00,0.0
2026-09-01 02:58:00+00:00,U1,9,2026-09-01 00:00:00+00:00,0.29
2026-09-01 02:59:00+00:00,U1,9,2026-09-01 00:00:00+00:00,0.31
2026-09-01 03:00:00+00:00,U1,9,2026-09-01 00:00:00+00:00,0.31
2026-09-01 03:01:00+00:00,U1,9,2026-09-01 00:00:00+00:00,1.64
2026-09-01 03:02:00+00:00,U1,9,2026-09-01 00:00:00+00:00,3.57
2026-09-01 03:03:00+00:00,U1,9,2026-09-01 00:00:00+00:00,5.13
2026-09-01 03:04:00+00:00,U1,9,2026-09-01 00:00:00+00:00,6.95
2026-09-01 03:05:00+00:00,U1,9,2026-09-01 00:00:00+00:00,8.77
2026-09-01 03:06:00+00:00,U1,9,2026-09-01 00:00:00+00:00,8.88
2026-09-01 03:07:00+00:00,U1,9,2026-09-01 00:00:00+00:00,9.68
2026-09-01 03:08:00+00:00,U1,9,2026-09-01 00:00:00+00:00,11.92
2026-09-01 03:09:00+00:00,U1,9,2026-09-01 00:00:00+00:00,12.55
2026-09-01 03:10:00+00:00,U1,9,2026-09-01 00:00:00+00:00,13.72
2026-09-01 03:11:00+00:00,U1,9,2026-09-01 00:00:00+00:00,14.66
2026-09-01 03:12:00+00:00,U1,9,2026-09-01 00:00:00+00:00,15.08
2026-09-01 03:13:00+00:00,U1,9,2026-09-01 00:00:00+00:00,17.38
2026-09-01 03:14:00+00:00,U1,9,2026-09-01 00:00:00+00:00,17.38
2026-09-01 03:15:00+00:00,U1,9,2026-09-01 00:00:00+00:00,15.43
2026-09-01 03:16:00+00:00,U1,9,2026-09-01 00:00:00+00:00,12.68
2026-09-01 03:17:00+00:00,U1,9,2026-09-01 00:00:00+00:00,10.83
2026-09-01 03:18:00+00:00,U1,9,2026-09-01 00:00:00+00:00,9.13
2026-09-01 03:19:00+00:00,U1,9,2026-09-01 00:00:00+00:00,6.72
2026-09-01 03:20:00+00:00,U1,9,2026-09-01 00:00:00+00:00,5.67
2026-09-01 03:21:00+00:00,U1,9,2026-09-01 00:00:00+00:00,3.19
2026-09-01 03:22:00+00:00,U1,9,2026-09-01 00:00:00+00:00,1.26
2026-09-01 03:23:00+00:00,U1,9,2026-09-01 00:00:00+00:00,0.0
2026-09-01 03:24:00+00:00,U1,9,2026-09-01 00:00:00+00:00,0.29
2026-09-01 03:25:00+00:00,U1,9,2026-09-01 00:00:00+00:00,0.31
2026-09-01 03:26:00+00:00,U1,9,2026-09-01 00:00:00+00:00,0.22
2026-09-01 03:27:00+00:00,U1,9,2026-09-01 00:00:00+00:00,0.0
2026-09-01 03:28:00+00:00,U1,9,2026-09-01 00:00:00+00:00,0.09
2026-09-01 03:29:00+00:00,U1,9,2026-09-01 00:00:00+00:00,0.2
2026-09-01 03:30:00+00:00,U1,9,2026-09-01 00:00:00+00:00,0.63
2026-09-01 03:31:00+00:00,U1,9,2026-09-01 00:00:00+00:00,4.07
2026-09-01 03:32:00+00:00,U1,9,2026-09-01 00:00:00+00:00,4.23
2026-09-01 03:33:00+00:00,U1,9,2026-09-01 00:00:00+00:00,5.19
2026-09-01 03:34:00+00:00,U1,9,2026-09-01 00:00:00+00:00,6.38
2026-09-01 03:35:00+00:00,U1,9,2026-09-01 00:00:00+00:00,9.75
2026-09-01 03:36:00+00:00,U1,9,2026-09-01 00:00:00+00:00,11.34
2026-09-01 03:37:00+00:00,U1,9,2026-09-01 00:00:00+00:00,15.28
2026-09-01 03:38:00+00:00,U1,9,2026-09-01 00:00:00+00:00,17.57
2026-09-01 03:39:00+00:00,U1,9,2026-09-01 00:00:00+00:00,21.28
2026-09-01 03:40:00+00:00,U1,9,2026-09-01 00:00:00+00:00,25.6
2026-09-01 03:41:00+00:00,U1,9,2026-09-01 00:00:00+00:00,27.53
2026-09-01 03:42:00+00:00,U1,9,2026-09-01 00:00:00+00:00,34.0
2026-09-01 03:43:00+00:00,U1,9,2026-09-01 00:00:00+00:00,42.05
2026-09-01 03:44:00+00:00,U1,9,2026-09-01 00:00:00+00:00,44.94
2026-09-01 03:45:00+00:00,U1,9,2026-09-01 00:00:00+00:00,46.65
2026-09-01 03:46:00+00:00,U1,9,2026-09-01 00:00:00+00:00,51.66
2026-09-01 03:47:00+00:00,U1,9,2026-09-01 00:00:00+00:00,51.54
2026-09-01 03:48:00+00:00,U1,9,2026-09-01 00:00:00+00:00,50.14
2026-09-01 03:49:00+00:00,U1,9,2026-09-01 00:00:00+00:00,52.33
2026-09-01 03:50:00+00:00,U1,9,2026-09-01 00:00:00+00:00,52.85
2026-09-01 03:51:00+00:00,U1,9,2026-09-01 00:00:00+00:00,51.47
2026-09-01 03:52:00+00:00,U1,9,2026-09-01 00:00:00+00:00,55.43
2026-09-01 03:53:00+00:00,U1,9,2026-09-01 00:00:00+00:00,59.32
2026-09-01 03:54:00+00:00,U1,9,2026-09-01 00:00:00+00:00,64.11
2026-09-01 03:55:00+00:00,U1,9,2026-09-01 00:00:00+00:00,63.45
2026-09-01 03:56:00+00:00,U1,9,2026-09-01 00:00:00+00:00,68.68
2026-09-01 03:57:00+00:00,U1,9,2026-09-01 00:00:00+00:00,74.53
2026-09-01 03:58:00+00:00,U1,9,2026-09-01 00:00:00+00:00,77.37
2026-09-01 03:59:00+00:00,U1,9,2026-09-01 00:00:00+00:00,81.83
2026-10-01 00:00:00+00:00,U1,10,2026-10-01 00:00:00+00:00,2.33
2026-10-01 00:01:00+00:00,U1,10,2026-10-01 00:00:00+00:00,3.55
2026-10-01 00:02:00+00:00,U1,10,2026-10-01 00:00:00+00:00,4.89
2026-10-01 00:03:00+00:00,U1,10,2026-10-01 00:00:00+00:00,5.54
2026-10-01 00:04:00+00:00,U1,10,2026-10-01 00:00:00+00:00,7.05
2026-10-01 00:05:00+00:00,U1,10,2026-10-01 00:00:00+00:00,7.67
2026-10-01 00:06:00+00:00,U1,10,2026-10-01 00:00:00+00:00,9.12
2026-10-01 00:07:00+00:00,U1,10,2026-10-01 00:00:00+00:00,10.73
2026-10-01 00:08:00+00:00,U1,10,2026-10-01 00:00:00+00:00,12.24
2026-10-01 00:09:00+00:00,U1,10,2026-10-01 00:00:00+00:00,14.35
2026-10-01 00:10:00+00:00,U1,10,2026-10-01 00:00:00+00:00,14.83
2026-10-01 00:11:00+00:00,U1,10,2026-10-01 00:00:00+00:00,16.71
2026-10-01 00:12:00+00:00,U1,10,2026-10-01 00:00:00+00:00,19.7
2026-10-01 00:13:00+00:00,U1,10,2026-10-01 00:00:00+00:00,19.8
2026-10-01 00:14:00+00:00,U1,10,2026-10-01 00:00:00+00:00,22.25
2026-10-01 00:15:00+00:00,U1,10,2026-10-01 00:00:00+00:00,19.02
2026-10-01 00:16:00+00:00,U1,10,2026-10-01 00:00:00+00:00,16.65
2026-10-01 00:17:00+00:00,U1,10,2026-10-01 00:00:00+00:00,14.3
2026-10-01 00:18:00+00:00,U1,10,2026-10-01 00:00:00+00:00,14.11
2026-10-01 00:19:00+00:00,U1,10,2026-10-01 00:00:00+00:00,12.58
2026-10-01 00:20:00+00:00,U1,10,2026-10-01 00:00:00+00:00,9.47
2026-10-01 00:21:00+00:00,U1,10,2026-10-01 00:00:00+00:00,8.3
2026-10-01 00:22:00+00:00,U1,10,2026-10-01 00:00:00+00:00,5.35
2026-10-01 00:23:00+00:00,U1,10,2026-10-01 00:00:00+00:00,2.96
2026-10-01 00:24:00+00:00,U1,10,2026-10-01 00:00:00+00:00,0.75
2026-10-01 00:25:00+00:00,U1,10,2026-10-01 00:00:00+00:00,0.61
2026-10-01 00:26:00+00:00,U1,10,2026-10-01 00:00:00+00:00,0.03
2026-10-01 00:27:00+00:00,U1,10,2026-10-01 00:00:00+00:00,0.14
2026-10-01 00:28:00+00:00,U1,10,2026-10-01 00:00:00+00:00,0.0
2026-10-01 00:29:00+00:00,U1,10,2026-10-01 00:00:00+00:00,0.01
2026-10-01 00:30:00+00:00,U1,10,2026-10-01 00:00:00+00:00,1.19
2026-10-01 00:31:00+00:00,U1,10,2026-10-01 00:00:00+00:00,5.74
2026-10-01 00:32:00+00:00,U1,10,2026-10-01 00:00:00+00:00,5.72
2026-10-01 00:33:00+00:00,U1,10,2026-10-01 00:00:00+00:00,7.02
2026-10-01 00:34:00+00:00,U1,10,2026-10-01 00:00:00+00:00,9.79
2026-10-01 00:35:00+00:00,U1,10,2026-10-01 00:00:00+00:00,11.36
2026-10-01 00:36:00+00:00,U1,10,2026-10-01 00:00:00+00:00,16.04
2026-10-01 00:37:00+00:00,U1,10,2026-10-01 00:00:00+00:00,21.04
2026-10-01 00:38:00+00:00,U1,10,2026-10-01 00:00:00+00:00,25.61
2026-10-01 00:39:00+00:00,U1,10,2026-10-01 00:00:00+00:00,29.35
2026-10-01 00:40:00+00:00,U1,10,2026-10-01 00:00:00+00:00,33.99
2026-10-01 00:41:00+00:00,U1,10,2026-10-01 00:00:00+00:00,40.24
2026-10-01 00:42:00+00:00,U1,10,2026-10-01 00:00:00+00:00,43.97
2026-10-01 00:43:00+00:00,U1,10,2026-10-01 00:00:00+00:00,54.07
2026-10-01 00:44:00+00:00,U1,10,2026-10-01 00:00:00+00:00,65.59
2026-10-01 00:45:00+00:00,U1,10,2026-10-01 00:00:00+00:00,75.04
2026-10-01 00:46:00+00:00,U1,10,2026-10-01 00:00:00+00:00,78.14
2026-10-01 00:47:00+00:00,U1,10,2026-10-01 00:00:00+00:00,81.59
2026-10-01 00:48:00+00:00,U1,10,2026-10-01 00:00:00+00:00,84.87
2026-10-01 00:49:00+00:00,U1,10,2026-10-01 00:00:00+00:00,97.48
2026-10-01 00:50:00+00:00,U1,10,2026-10-01 00:00:00+00:00,105.15
2026-10-01 00:51:00+00:00,U1,10,2026-10-01 00:00:00+00:00,109.15
2026-10-01 00:52:00+00:00,U1,10,2026-10-01 00:00:00+00:00,110.51
2026-10-01 00:53:00+00:00,U1,10,2026-10-01 00:00:00+00:00,127.1
2026-10-01 00:54:00+00:00,U1,10,2026-10-01 00:00:00+00:00,138.11
2026-10-01 00:55:00+00:00,U1,10,2026-10-01 00:00:00+00:00,139.46
2026-10-01 00:56:00+00:00,U1,10,2026-10-01 00:00:00+00:00,152.03
2026-10-01 00:57:00+00:00,U1,10,2026-10-01 00:00:00+00:00,164.15
2026-10-01 00:58:00+00:00,U1,10,2026-10-01 00:00:00+00:00,178.29
2026-10-01 00:59:00+00:00,U1,10,2026-10-01 00:00:00+00:00,182.73
2026-10-01 01:00:00+00:00,U1,10,2026-10-01 00:00:00+00:00,162.52
2026-10-01 01:01:00+00:00,U1,10,2026-10-01 00:00:00+00:00,153.04
2026-10-01 01:02:00+00:00,U1,10,2026-10-01 00:00:00+00:00,132.04
2026-10-01 01:03:00+00:00,U1,10,2026-10-01 00:00:00+00:00,128.08
2026-10-01 01:04:00+00:00,U1,10,2026-10-01 00:00:00+00:00,125.1
2026-10-01 01:05:00+00:00,U1,10,2026-10-01 00:00:00+00:00,124.67
2026-10-01 01:06:00+00:00,U1,10,2026-10-01 00:00:00+00:00,103.14
2026-10-01 01:07:00+00:00,U1,10,2026-10-01 00:00:00+00:00,94.23
2026-10-01 01:08:00+00:00,U1,10,2026-10-01 00:00:00+00:00,76.67
2026-10-01 01:09:00+00:00,U1,10,2026-10-01 00:00:00+00:00,68.22
2026-10-01 01:10:00+00:00,U1,10,2026-10-01 00:00:00+00:00,65.27
2026-10-01 01:11:00+00:00,U1,10,2026-10-01 00:00:00+00:00,57.08
2026-10-01 01:12:00+00:00,U1,10,2026-10-01 00:00:00+00:00,48.3
2026-10-01 01:13:00+00:00,U1,10,2026-10-01 00:00:00+00:00,47.06
2026-10-01 01:14:00+00:00,U1,10,2026-10-01 00:00:00+00:00,38.95
2026-10-01 01:15:00+00:00,U1,10,2026-10-01 00:00:00+00:00,36.01
2026-10-01 01:16:00+00:00,U1,10,2026-10-01 00:00:00+00:00,33.01
2026-10-01 01:17:00+00:00,U1,10,2026-10-01 00:00:00+00:00,30.28
2026-10-01 01:18:00+00:00,U1,10,2026-10-01 00:00:00+00:00,25.21
2026-10-01 01:19:00+00:00,U1,10,2026-10-01 00:00:00+00:00,21.99
2026-10-01 01:20:00+00:00,U1,10,2026-10-01 00:00:00+00:00,15.44
2026-10-01 01:21:00+00:00,U1,10,2026-10-01 00:00:00+00:00,10.64
2026-10-01 01:22:00+00:00,U1,10,2026-10-01 00:00:00+00:00,9.88
2026-10-01 01:23:00+00:00,U1,10,2026-10-01 00:00:00+00:00,6.69
2026-10-01 01:24:00+00:00,U1,10,2026-10-01 00:00:00+00:00,3.15
2026-10-01 01:25:00+00:00,U1,10,2026-10-01 00:00:00+00:00,0.59
2026-10-01 01:26:00+00:00,U1,10,2026-10-01 00:00:00+00:00,0.26
2026-10-01 01:27:00+00:00,U1,10,2026-10-01 00:00:00+00:00,0.0
2026-10-01 01:28:00+00:00,U1,10,2026-10-01 00:00:00+00:00,0.07
2026-10-01 01:29:00+00:00,U1,10,2026-10-01 00:00:00+00:00,1.46
2026-10-01 01:30:00+00:00,U1,10,2026-10-01 00:00:00+00:00,2.28
2026-10-01 01:31:00+00:00,U1,10,2026-10-01 00:00:00+00:00,1.84
2026-10-01 01:32:00+00:00,U1,10,2026-10-01 00:00:00+00:00,2.71
2026-10-01 01:33:00+00:00,U1,10,2026-10-01 00:00:00+00:00,4.44
2026-10-01 01:34:00+00:00,U1,10,2026-10-01 00:00:00+00:00,4.87
2026-10-01 01:35:00+00:00,U1,10,2026-10-01 00:00:00+00:00,6.46
2026-10-01 01:36:00+00:00,U1,10,2026-10-01 00:00:00+00:00,8.15
2026-10-01 01:37:00+00:00,U1,10,2026-10-01 00:00:00+00:00,8.31
2026-10-01 01:38:00+00:00,U1,10,2026-10-01 00:00:00+00:00,10.66
2026-10-01 01:39:00+00:00,U1,10,2026-10-01 00:00:00+00:00,9.4
2026-10-01 01:40:00+00:00,U1,10,2026-10-01 00:00:00+00:00,11.24
2026-10-01 01:41:00+00:00,U1,10,2026-10-01 00:00:00+00:00,12.03
2026-10-01 01:42:00+00:00,U1,10,2026-10-01 00:00:00+00:00,13.47
2026-10-01 01:43:00+00:00,U1,10,2026-10-01 00:00:00+00:00,14.98
2026-10-01 01:44:00+00:00,U1,10,2026-10-01 00:00:00+00:00,16.62
2026-10-01 01:45:00+00:00,U1,10,2026-10-01 00:00:00+00:00,14.07
2026-10-01 01:46:00+00:00,U1,10,2026-10-01 00:00:00+00:00,12.06
2026-10-01 01:47:00+00:00,U1,10,2026-10-01 00:00:00+00:00,10.94
2026-10-01 01:48:00+00:00,U1,10,2026-10-01 00:00:00+00:00,8.36
2026-10-01 01:49:00+00:00,U1,10,2026-10-01 00:00:00+00:00,6.55
2026-10-01 01:50:00+00:00,U1,10,2026-10-01 00:00:00+00:00,4.69
2026-10-01 01:51:00+00:00,U1,10,2026-10-01 00:00:00+00:00,2.11
2026-10-01 01:52:00+00:00,U1,10,2026-10-01 00:00:00+00:00,0.0
2026-10-01 01:53:00+00:00,U1,10,2026-10-01 00:00:00+00:00,0.61
2026-10-01 01:54:00+00:00,U1,10,2026-10-01 00:00:00+00:00,0.36
2026-10-01 01:55:00+00:00,U1,10,2026-10-01 00:00:00+00:00,0.03
2026-10-01 01:56:00+00:00,U1,10,2026-10-01 00:00:00+00:00,0.0
2026-10-01 01:57:00+00:00,U1,10,2026-10-01 00:00:00+00:00,0.41
2026-10-01 01:58:00+00:00,U1,10,2026-10-01 00:00:00+00:00,0.0
2026-10-01 01:59:00+00:00,U1,10,2026-10-01 00:00:00+00:00,0.32
2026-10-01 02:00:00+00:00,U1,10,2026-10-01 00:00:00+00:00,1.32
2026-10-01 02:01:00+00:00,U1,10,2026-10-01 00:00:00+00:00,2.49
2026-10-01 02:02:00+00:00,U1,10,2026-10-01 00:00:00+00:00,5.14
2026-10-01 02:03:00+00:00,U1,10,2026-10-01 00:00:00+00:00,7.51
2026-10-01 02:04:00+00:00,U1,10,2026-10-01 00:00:00+00:00,8.53
2026-10-01 02:05:00+00:00,U1,10,2026-10-01 00:00:00+00:00,11.54
2026-10-01 02:06:00+00:00,U1,10,2026-10-01 00:00:00+00:00,13.76
2026-10-01 02:07:00+00:00,U1,10,2026-10-01 00:00:00+00:00,17.48
2026-10-01 02:08:00+00:00,U1,10,2026-10-01 00:00:00+00:00,22.27
2026-10-01 02:09:00+00:00,U1,10,2026-10-01 00:00:00+00:00,28.02
2026-10-01 02:10:00+00:00,U1,10,2026-10-01 00:00:00+00:00,35.05
2026-10-01 02:11:00+00:00,U1,10,2026-10-01 00:00:00+00:00,39.17
2026-10-01 02:12:00+00:00,U1,10,2026-10-01 00:00:00+00:00,42.69
2026-10-01 02:13:00+00:00,U1,10,2026-10-01 00:00:00+00:00,47.8
2026-10-01 02:14:00+00:00,U1,10,2026-10-01 00:00:00+00:00,56.67
2026-10-01 02:15:00+00:00,U1,10,2026-10-01 00:00:00+00:00,62.86
2026-10-01 02:16:00+00:00,U1,10,2026-10-01 00:00:00+00:00,63.06
2026-10-01 02:17:00+00:00,U1,10,2026-10-01 00:00:00+00:00,61.14
2026-10-01 02:18:00+00:00,U1,10,2026-10-01 00:00:00+00:00,69.3
2026-10-01 02:19:00+00:00,U1,10,2026-10-01 00:00:00+00:00,75.13
2026-10-01 02:20:00+00:00,U1,10,2026-10-01 00:00:00+00:00,75.46
2026-10-01 02:21:00+00:00,U1,10,2026-10-01 00:00:00+00:00,73.75
2026-10-01 02:22:00+00:00,U1,10,2026-10-01 00:00:00+00:00,75.92
2026-10-01 02:23:00+00:00,U1,10,2026-10-01 00:00:00+00:00,76.87
2026-10-01 02:24:00+00:00,U1,10,2026-10-01 00:00:00+00:00,87.07
2026-10-01 02:25:00+00:00,U1,10,2026-10-01 00:00:00+00:00,89.93
2026-10-01 02:26:00+00:00,U1,10,2026-10-01 00:00:00+00:00,92.92
2026-10-01 02:27:00+00:00,U1,10,2026-10-01 00:00:00+00:00,95.75
2026-10-01 02:28:00+00:00,U1,10,2026-10-01 00:00:00+00:00,108.64
2026-10-01 02:29:00+00:00,U1,10,2026-10-01 00:00:00+00:00,125.66
2026-10-01 02:30:00+00:00,U1,10,2026-10-01 00:00:00+00:00,107.01
2026-10-01 02:31:00+00:00,U1,10,2026-10-01 00:00:00+00:00,95.97
2026-10-01 02:32:00+00:00,U1,10,2026-10-01 00:00:00+00:00,85.12
2026-10-01 02:33:00+00:00,U1,10,2026-10-01 00:00:00+00:00,70.55
2026-10-01 02:34:00+00:00,U1,10,2026-10-01 00:00:00+00:00,64.05
2026-10-01 02:35:00+00:00,U1,10,2026-10-01 00:00:00+00:00,53.63
2026-10-01 02:36:00+00:00,U1,10,2026-10-01 00:00:00+00:00,52.59
2026-10-01 02:37:00+00:00,U1,10,2026-10-01 00:00:00+00:00,47.89
2026-10-01 02:38:00+00:00,U1,10,2026-10-01 00:00:00+00:00,45.03
2026-10-01 02:39:00+00:00,U1,10,2026-10-01 00:00:00+00:00,45.76
2026-10-01 02:40:00+00:00,U1,10,2026-10-01 00:00:00+00:00,38.67
2026-10-01 02:41:00+00:00,U1,10,2026-10-01 00:00:00+00:00,31.32
2026-10-01 02:42:00+00:00,U1,10,2026-10-01 00:00:00+00:00,29.22
2026-10-01 02:43:00+00:00,U1,10,2026-10-01 00:00:00+00:00,27.26
2026-10-01 02:44:00+00:00,U1,10,2026-10-01 00:00:00+00:00,22.69
2026-10-01 02:45:00+00:00,U1,10,2026-10-01 00:00:00+00:00,19.47
2026-10-01 02:46:00+00:00,U1,10,2026-10-01 00:00:00+00:00,14.14
2026-10-01 02:47:00+00:00,U1,10,2026-10-01 00:00:00+00:00,12.7
2026-10-01 02:48:00+00:00,U1,10,2026-10-01 00:00:00+00:00,7.36
2026-10-01 02:49:00+00:00,U1,10,2026-10-01 00:00:00+00:00,4.72
2026-10-01 02:50:00+00:00,U1,10,2026-10-01 00:00:00+00:00,1.5
2026-10-01 02:51:00+00:00,U1,10,2026-10-01 00:00:00+00:00,0.0
2026-10-01 02:52:00+00:00,U1,10,2026-10-01 00:00:00+00:00,0.08
2026-10-01 02:53:00+00:00,U1,10,2026-10-01 00:00:00+00:00,0.58
2026-10-01 02:54:00+00:00,U1,10,2026-10-01 00:00:00+00:00,0.0
2026-10-01 02:55:00+00:00,U1,10,2026-10-01 00:00:00+00:00,0.0
2026-10-01 02:56:00+00:00,U1,10,2026-10-01 00:00:00+00:00,0.0
2026-10-01 02:57:00+00:00,U1,10,2026-10-01 00:00:00+00:00,0.0
2026-10-01 02:58:00+00:00,U1,10,2026-10-01 00:00:00+00:00,0.0
2026-10-01 02:59:00+00:00,U1,10,2026-10-01 00:00:00+00:00,0.0
2026-10-01 03:00:00+00:00,U1,10,2026-10-01 00:00:00+00:00,0.46
2026-10-01 03:01:00+00:00,U1,10,2026-10-01 00:00:00+00:00,1.94
2026-10-01 03:02:00+00:00,U1,10,2026-10-01 00:00:00+00:00,1.99
2026-10-01 03:03:00+00:00,U1,10,2026-10-01 00:00:00+00:00,4.28
2026-10-01 03:04:00+00:00,U1,10,2026-10-01 00:00:00+00:00,5.05
2026-10-01 03:05:00+00:00,U1,10,2026-10-01 00:00:00+00:00,6.4
2026-10-01 03:06:00+00:00,U1,10,2026-10-01 00:00:00+00:00,7.99
2026-10-01 03:07:00+00:00,U1,10,2026-10-01 00:00:00+00:00,8.2
2026-10-01 03:08:00+00:00,U1,10,2026-10-01 00:00:00+00:00,9.35
2026-10-01 03:09:00+00:00,U1,10,2026-10-01 00:00:00+00:00,10.46
2026-10-01 03:10:00+00:00,U1,10,2026-10-01 00:00:00+00:00,11.54
2026-10-01 03:11:00+00:00,U1,10,2026-10-01 00:00:00+00:00,12.24
2026-10-01 03:12:00+00:00,U1,10,2026-10-01 00:00:00+00:00,14.83
2026-10-01 03:13:00+00:00,U1,10,2026-10-01 00:00:00+00:00,14.46
2026-10-01 03:14:00+00:00,U1,10,2026-10-01 00:00:00+00:00,16.75
2026-10-01 03:15:00+00:00,U1,10,2026-10-01 00:00:00+00:00,14.3
2026-10-01 03:16:00+00:00,U1,10,2026-10-01 00:00:00+00:00,11.3
2026-10-01 03:17:00+00:00,U1,10,2026-10-01 00:00:00+00:00,8.9
2026-10-01 03:18:00+00:00,U1,10,2026-10-01 00:00:00+00:00,7.37
2026-10-01 03:19:00+00:00,U1,10,2026-10-01 00:00:00+00:00,3.66
2026-10-01 03:20:00+00:00,U1,10,2026-10-01 00:00:00+00:00,2.13
2026-10-01 03:21:00+00:00,U1,10,2026-10-01 00:00:00+00:00,0.0
2026-10-01 03:22:00+00:00,U1,10,2026-10-01 00:00:00+00:00,0.0
2026-10-01 03:23:00+00:00,U1,10,2026-10-01 00:00:00+00:00,0.0
2026-10-01 03:24:00+00:00,U1,10,2026-10-01 00:00:00+00:00,0.44
2026-10-01 03:25:00+00:00,U1,10,2026-10-01 00:00:00+00:00,0.0
2026-10-01 03:26:00+00:00,U1,10,2026-10-01 00:00:00+00:00,0.34
2026-10-01 03:27:00+00:00,U1,10,2026-10-01 00:00:00+00:00,0.0
2026-10-01 03:28:00+00:00,U1,10,2026-10-01 00:00:00+00:00,0.0
2026-10-01 03:29:00+00:00,U1,10,2026-10-01 00:00:00+00:00,0.0
2026-10-01 03:30:00+00:00,U1,10,2026-10-01 00:00:00+00:00,1.32
2026-10-01 03:31:00+00:00,U1,10,2026-10-01 00:00:00+00:00,3.44
2026-10-01 03:32:00+00:00,U1,10,2026-10-01 00:00:00+00:00,4.44
2026-10-01 03:33:00+00:00,U1,10,2026-10-01 00:00:00+00:00,5.01
2026-10-01 03:34:00+00:00,U1,10,2026-10-01 00:00:00+00:00,7.63
2026-10-01 03:35:00+00:00,U1,10,2026-10-01 00:00:00+00:00,9.64
2026-10-01 03:36:00+00:00,U1,10,2026-10-01 00:00:00+00:00,12.93
2026-10-01 03:37:00+00:00,U1,10,2026-10-01 00:00:00+00:00,14.34
2026-10-01 03:38:00+00:00,U1,10,2026-10-01 00:00:00+00:00,17.92
2026-10-01 03:39:00+00:00,U1,10,2026-10-01 00:00:00+00:00,21.58
2026-10-01 03:40:00+00:00,U1,10,2026-10-01 00:00:00+00:00,23.72
2026-10-01 03:41:00+00:00,U1,10,2026-10-01 00:00:00+00:00,28.35
2026-10-01 03:42:00+00:00,U1,10,2026-10-01 00:00:00+00:00,33.34
2026-10-01 03:43:00+00:00,U1,10,2026-10-01 00:00:00+00:00,35.55
2026-10-01 03:44:00+00:00,U1,10,2026-10-01 00:00:00+00:00,41.73
2026-10-01 03:45:00+00:00,U1,10,2026-10-01 00:00:00+00:00,40.98
2026-10-01 03:46:00+00:00,U1,10,2026-10-01 00:00:00+00:00,45.17
2026-10-01 03:47:00+00:00,U1,10,2026-10-01 00:00:00+00:00,49.61
2026-10-01 03:48:00+00:00,U1,10,2026-10-01 00:00:00+00:00,49.95
2026-10-01 03:49:00+00:00,U1,10,2026-10-01 00:00:00+00:00,48.75
2026-10-01 03:50:00+00:00,U1,10,2026-10-01 00:00:00+00:00,49.44
2026-10-01 03:51:00+00:00,U1,10,2026-10-01 00:00:00+00:00,54.9
2026-10-01 03:52:00+00:00,U1,10,2026-10-01 00:00:00+00:00,56.64
2026-10-01 03:53:00+00:00,U1,10,2026-10-01 00:00:00+00:00,56.22
2026-10-01 03:54:00+00:00,U1,10,2026-10-01 00:00:00+00:00,56.91
2026-10-01 03:55:00+00:00,U1,10,2026-10-01 00:00:00+00:00,62.99
2026-10-01 03:56:00+00:00,U1,10,2026-10-01 00:00:00+00:00,64.25
2026-10-01 03:57:00+00:00,U1,10,2026-10-01 00:00:00+00:00,73.91
2026-10-01 03:58:00+00:00,U1,10,2026-10-01 00:00:00+00:00,71.09
2026-10-01 03:59:00+00:00,U1,10,2026-10-01 00:00:00+00:00,78.78
2026-11-01 00:00:00+00:00,U1,11,2026-11-01 00:00:00+00:00,1.45
2026-11-01 00:01:00+00:00,U1,11,2026-11-01 00:00:00+00:00,2.09
2026-11-01 00:02:00+00:00,U1,11,2026-11-01 00:00:00+00:00,3.31
2026-11-01 00:03:00+00:00,U1,11,2026-11-01 00:00:00+00:00,3.94
2026-11-01 00:04:00+00:00,U1,11,2026-11-01 00:00:00+00:00,7.12
2026-11-01 00:05:00+00:00,U1,11,2026-11-01 00:00:00+00:00,8.52
2026-11-01 00:06:00+00:00,U1,11,2026-11-01 00:00:00+00:00,8.9
2026-11-01 00:07:00+00:00,U1,11,2026-11-01 00:00:00+00:00,9.95
2026-11-01 00:08:00+00:00,U1,11,2026-11-01 00:00:00+00:00,11.29
2026-11-01 00:09:00+00:00,U1,11,2026-11-01 00:00:00+00:00,13.31
2026-11-01 00:10:00+00:00,U1,11,2026-11-01 00:00:00+00:00,13.67
2026-11-01 00:11:00+00:00,U1,11,2026-11-01 00:00:00+00:00,15.32
2026-11-01 00:12:00+00:00,U1,11,2026-11-01 00:00:00+00:00,16.64
2026-11-01 00:13:00+00:00,U1,11,2026-11-01 00:00:00+00:00,17.73
2026-11-01 00:14:00+00:00,U1,11,2026-11-01 00:00:00+00:00,19.18
2026-11-01 00:15:00+00:00,U1,11,2026-11-01 00:00:00+00:00,16.35
2026-11-01 00:16:00+00:00,U1,11,2026-11-01 00:00:00+00:00,14.57
2026-11-01 00:17:00+00:00,U1,11,2026-11-01 00:00:00+00:00,12.75
2026-11-01 00:18:00+00:00,U1,11,2026-11-01 00:00:00+00:00,10.53
2026-11-01 00:19:00+00:00,U1,11,2026-11-01 00:00:00+00:00,8.87
2026-11-01 00:20:00+00:00,U1,11,2026-11-01 00:00:00+00:00,6.64
2026-11-01 00:21:00+00:00,U1,11,2026-11-01 00:00:00+00:00,3.12
2026-11-01 00:22:00+00:00,U1,11,2026-11-01 00:00:00+00:00,1.51
2026-11-01 00:23:00+00:00,U1,11,2026-11-01 00:00:00+00:00,0.36
2026-11-01 00:24:00+00:00,U1,11,2026-11-01 00:00:00+00:00,0.56
2026-11-01 00:25:00+00:00,U1,11,2026-11-01 00:00:00+00:00,0.32
2026-11-01 00:26:00+00:00,U1,11,2026-11-01 00:00:00+00:00,0.73
2026-11-01 00:27:00+00:00,U1,11,2026-11-01 00:00:00+00:00,0.0
2026-11-01 00:28:00+00:00,U1,11,2026-11-01 00:00:00+00:00,0.53
2026-11-01 00:29:00+00:00,U1,11,2026-11-01 00:00:00+00:00,0.0
2026-11-01 00:30:00+00:00,U1,11,2026-11-01 00:00:00+00:00,1.56
2026-11-01 00:31:00+00:00,U1,11,2026-11-01 00:00:00+00:00,3.96
2026-11-01 00:32:00+00:00,U1,11,2026-11-01 00:00:00+00:00,6.89
2026-11-01 00:33:00+00:00,U1,11,2026-11-01 00:00:00+00:00,10.05
2026-11-01 00:34:00+00:00,U1,11,2026-11-01 00:00:00+00:00,11.65
2026-11-01 00:35:00+00:00,U1,11,2026-11-01 00:00:00+00:00,12.57
2026-11-01 00:36:00+00:00,U1,11,2026-11-01 00:00:00+00:00,14.75
2026-11-01 00:37:00+00:00,U1,11,2026-11-01 00:00:00+00:00,17.03
2026-11-01 00:38:00+00:00,U1,11,2026-11-01 00:00:00+00:00,21.45
2026-11-01 00:39:00+00:00,U1,11,2026-11-01 00:00:00+00:00,25.13
2026-11-01 00:40:00+00:00,U1,11,2026-11-01 00:00:00+00:00,29.21
2026-11-01 00:41:00+00:00,U1,11,2026-11-01 00:00:00+00:00,30.86
2026-11-01 00:42:00+00:00,U1,11,2026-11-01 00:00:00+00:00,36.02
2026-11-01 00:43:00+00:00,U1,11,2026-11-01 00:00:00+00:00,42.06
2026-11-01 00:44:00+00:00,U1,11,2026-11-01 00:00:00+00:00,44.2
2026-11-01 00:45:00+00:00,U1,11,2026-11-01 00:00:00+00:00,44.06
2026-11-01 00:46:00+00:00,U1,11,2026-11-01 00:00:00+00:00,46.23
2026-11-01 00:47:00+00:00,U1,11,2026-11-01 00:00:00+00:00,46.92
2026-11-01 00:48:00+00:00,U1,11,2026-11-01 00:00:00+00:00,48.03
2026-11-01 00:49:00+00:00,U1,11,2026-11-01 00:00:00+00:00,47.57
2026-11-01 00:50:00+00:00,U1,11,2026-11-01 00:00:00+00:00,53.72
2026-11-01 00:51:00+00:00,U1,11,2026-11-01 00:00:00+00:00,52.65
2026-11-01 00:52:00+00:00,U1,11,2026-11-01 00:00:00+00:00,57.91
2026-11-01 00:53:00+00:00,U1,11,2026-11-01 00:00:00+00:00,58.43
2026-11-01 00:54:00+00:00,U1,11,2026-11-01 00:00:00+00:00,68.47
2026-11-01 00:55:00+00:00,U1,11,2026-11-01 00:00:00+00:00,67.37
2026-11-01 00:56:00+00:00,U1,11,2026-11-01 00:00:00+00:00,75.95
2026-11-01 00:57:00+00:00,U1,11,2026-11-01 00:00:00+00:00,75.61
2026-11-01 00:58:00+00:00,U1,11,2026-11-01 00:00:00+00:00,73.76
2026-11-01 00:59:00+00:00,U1,11,2026-11-01 00:00:00+00:00,81.92
2026-11-01 01:00:00+00:00,U1,11,2026-11-01 00:00:00+00:00,71.18
2026-11-01 01:01:00+00:00,U1,11,2026-11-01 00:00:00+00:00,58.42
2026-11-01 01:02:00+00:00,U1,11,2026-11-01 00:00:00+00:00,59.93
2026-11-01 01:03:00+00:00,U1,11,2026-11-01 00:00:00+00:00,53.99
2026-11-01 01:04:00+00:00,U1,11,2026-11-01 00:00:00+00:00,50.3
2026-11-01 01:05:00+00:00,U1,11,2026-11-01 00:00:00+00:00,49.71
2026-11-01 01:06:00+00:00,U1,11,2026-11-01 00:00:00+00:00,40.85
2026-11-01 01:07:00+00:00,U1,11,2026-11-01 00:00:00+00:00,36.03
2026-11-01 01:08:00+00:00,U1,11,2026-11-01 00:00:00+00:00,36.55
2026-11-01 01:09:00+00:00,U1,11,2026-11-01 00:00:00+00:00,32.35
2026-11-01 01:10:00+00:00,U1,11,2026-11-01 00:00:00+00:00,33.08
2026-11-01 01:11:00+00:00,U1,11,2026-11-01 00:00:00+00:00,29.18
2026-11-01 01:12:00+00:00,U1,11,2026-11-01 00:00:00+00:00,29.28
2026-11-01 01:13:00+00:00,U1,11,2026-11-01 00:00:00+00:00,29.59
2026-11-01 01:14:00+00:00,U1,11,2026-11-01 00:00:00+00:00,26.49
2026-11-01 01:15:00+00:00,U1,11,2026-11-01 00:00:00+00:00,22.2
2026-11-01 01:16:00+00:00,U1,11,2026-11-01 00:00:00+00:00,19.06
2026-11-01 01:17:00+00:00,U1,11,2026-11-01 00:00:00+00:00,14.03
2026-11-01 01:18:00+00:00,U1,11,2026-11-01 00:00:00+00:00,9.17
2026-11-01 01:19:00+00:00,U1,11,2026-11-01 00:00:00+00:00,6.33
2026-11-01 01:20:00+00:00,U1,11,2026-11-01 00:00:00+00:00,4.11
2026-11-01 01:21:00+00:00,U1,11,2026-11-01 00:00:00+00:00,1.3
2026-11-01 01:22:00+00:00,U1,11,2026-11-01 00:00:00+00:00,0.0
2026-11-01 01:23:00+00:00,U1,11,2026-11-01 00:00:00+00:00,0.0
2026-11-01 01:24:00+00:00,U1,11,2026-11-01 00:00:00+00:00,0.0
2026-11-01 01:25:00+00:00,U1,11,2026-11-01 00:00:00+00:00,0.31
2026-11-01 01:26:00+00:00,U1,11,2026-11-01 00:00:00+00:00,0.0
2026-11-01 01:27:00+00:00,U1,11,2026-11-01 00:00:00+00:00,0.0
2026-11-01 01:28:00+00:00,U1,11,2026-11-01 00:00:00+00:00,0.04
2026-11-01 01:29:00+00:00,U1,11,2026-11-01 00:00:00+00:00,0.0
2026-11-01 01:30:00+00:00,U1,11,2026-11-01 00:00:00+00:00,1.44
2026-11-01 01:31:00+00:00,U1,11,2026-11-01 00:00:00+00:00,3.29
2026-11-01 01:32:00+00:00,U1,11,2026-11-01 00:00:00+00:00,4.89
2026-11-01 01:33:00+00:00,U1,11,2026-11-01 00:00:00+00:00,7.05
2026-11-01 01:34:00+00:00,U1,11,2026-11-01 00:00:00+00:00,7.52
2026-11-01 01:35:00+00:00,U1,11,2026-11-01 00:00:00+00:00,8.44
2026-11-01 01:36:00+00:00,U1,11,2026-11-01 00:00:00+00:00,9.17
2026-11-01 01:37:00+00:00,U1,11,2026-11-01 00:00:00+00:00,10.59
2026-11-01 01:38:00+00:00,U1,11,2026-11-01 00:00:00+00:00,12.12
2026-11-01 01:39:00+00:00,U1,11,2026-11-01 00:00:00+00:00,12.11
2026-11-01 01:40:00+00:00,U1,11,2026-11-01 00:00:00+00:00,14.34
2026-11-01 01:41:00+00:00,U1,11,2026-11-01 00:00:00+00:00,14.99
2026-11-01 01:42:00+00:00,U1,11,2026-11-01 00:00:00+00:00,15.78
2026-11-01 01:43:00+00:00,U1,11,2026-11-01 00:00:00+00:00,16.97
2026-11-01 01:44:00+00:00,U1,11,2026-11-01 00:00:00+00:00,18.9
2026-11-01 01:45:00+00:00,U1,11,2026-11-01 00:00:00+00:00,17.64
2026-11-01 01:46:00+00:00,U1,11,2026-11-01 00:00:00+00:00,14.33
2026-11-01 01:47:00+00:00,U1,11,2026-11-01 00:00:00+00:00,12.96
2026-11-01 01:48:00+00:00,U1,11,2026-11-01 00:00:00+00:00,10.44
2026-11-01 01:49:00+00:00,U1,11,2026-11-01 00:00:00+00:00,7.59
2026-11-01 01:50:00+00:00,U1,11,2026-11-01 00:00:00+00:00,4.41
2026-11-01 01:51:00+00:00,U1,11,2026-11-01 00:00:00+00:00,2.06
2026-11-01 01:52:00+00:00,U1,11,2026-11-01 00:00:00+00:00,0.0
2026-11-01 01:53:00+00:00,U1,11,2026-11-01 00:00:00+00:00,0.0
2026-11-01 01:54:00+00:00,U1,11,2026-11-01 00:00:00+00:00,0.0
2026-11-01 01:55:00+00:00,U1,11,2026-11-01 00:00:00+00:00,0.0
2026-11-01 01:56:00+00:00,U1,11,2026-11-01 00:00:00+00:00,0.48
2026-11-01 01:57:00+00:00,U1,11,2026-11-01 00:00:00+00:00,0.0
2026-11-01 01:58:00+00:00,U1,11,2026-11-01 00:00:00+00:00,0.0
2026-11-01 01:59:00+00:00,U1,11,2026-11-01 00:00:00+00:00,0.13
2026-11-01 02:00:00+00:00,U1,11,2026-11-01 00:00:00+00:00,0.77
2026-11-01 02:01:00+00:00,U1,11,2026-11-01 00:00:00+00:00,2.08
2026-11-01 02:02:00+00:00,U1,11,2026-11-01 00:00:00+00:00,4.38
2026-11-01 02:03:00+00:00,U1,11,2026-11-01 00:00:00+00:00,4.12
2026-11-01 02:04:00+00:00,U1,11,2026-11-01 00:00:00+00:00,5.91
2026-11-01 02:05:00+00:00,U1,11,2026-11-01 00:00:00+00:00,7.07
2026-11-01 02:06:00+00:00,U1,11,2026-11-01 00:00:00+00:00,10.01
2026-11-01 02:07:00+00:00,U1,11,2026-11-01 00:00:00+00:00,11.46
2026-11-01 02:08:00+00:00,U1,11,2026-11-01 00:00:00+00:00,14.64
2026-11-01 02:09:00+00:00,U1,11,2026-11-01 00:00:00+00:00,18.13
2026-11-01 02:10:00+00:00,U1,11,2026-11-01 00:00:00+00:00,19.32
2026-11-01 02:11:00+00:00,U1,11,2026-11-01 00:00:00+00:00,24.52
2026-11-01 02:12:00+00:00,U1,11,2026-11-01 00:00:00+00:00,28.54
2026-11-01 02:13:00+00:00,U1,11,2026-11-01 00:00:00+00:00,31.83
2026-11-01 02:14:00+00:00,U1,11,2026-11-01 00:00:00+00:00,40.51
2026-11-01 02:15:00+00:00,U1,11,2026-11-01 00:00:00+00:00,41.11
2026-11-01 02:16:00+00:00,U1,11,2026-11-01 00:00:00+00:00,44.38
2026-11-01 02:17:00+00:00,U1,11,2026-11-01 00:00:00+00:00,48.13
2026-11-01 02:18:00+00:00,U1,11,2026-11-01 00:00:00+00:00,55.46
2026-11-01 02:19:00+00:00,U1,11,2026-11-01 00:00:00+00:00,60.42
2026-11-01 02:20:00+00:00,U1,11,2026-11-01 00:00:00+00:00,57.71
2026-11-01 02:21:00+00:00,U1,11,2026-11-01 00:00:00+00:00,57.9
2026-11-01 02:22:00+00:00,U1,11,2026-11-01 00:00:00+00:00,57.36
2026-11-01 02:23:00+00:00,U1,11,2026-11-01 00:00:00+00:00,58.52
2026-11-01 02:24:00+00:00,U1,11,2026-11-01 00:00:00+00:00,67.51
2026-11-01 02:25:00+00:00,U1,11,2026-11-01 00:00:00+00:00,64.82
2026-11-01 02:26:00+00:00,U1,11,2026-11-01 00:00:00+00:00,69.58
2026-11-01 02:27:00+00:00,U1,11,2026-11-01 00:00:00+00:00,80.06
2026-11-01 02:28:00+00:00,U1,11,2026-11-01 00:00:00+00:00,81.56
2026-11-01 02:29:00+00:00,U1,11,2026-11-01 00:00:00+00:00,85.3
2026-11-01 02:30:00+00:00,U1,11,2026-11-01 00:00:00+00:00,73.18
2026-11-01 02:31:00+00:00,U1,11,2026-11-01 00:00:00+00:00,65.33
2026-11-01 02:32:00+00:00,U1,11,2026-11-01 00:00:00+00:00,65.94
2026-11-01 02:33:00+00:00,U1,11,2026-11-01 00:00:00+00:00,54.23
2026-11-01 02:34:00+00:00,U1,11,2026-11-01 00:00:00+00:00,52.5
2026-11-01 02:35:00+00:00,U1,11,2026-11-01 00:00:00+00:00,46.56
2026-11-01 02:36:00+00:00,U1,11,2026-11-01 00:00:00+00:00,42.0
2026-11-01 02:37:00+00:00,U1,11,2026-11-01 00:00:00+00:00,40.41
2026-11-01 02:38:00+00:00,U1,11,2026-11-01 00:00:00+00:00,36.88
2026-11-01 02:39:00+00:00,U1,11,2026-11-01 00:00:00+00:00,36.62
2026-11-01 02:40:00+00:00,U1,11,2026-11-01 00:00:00+00:00,31.58
2026-11-01 02:41:00+00:00,U1,11,2026-11-01 00:00:00+00:00,27.0
2026-11-01 02:42:00+00:00,U1,11,2026-11-01 00:00:00+00:00,26.55
2026-11-01 02:43:00+00:00,U1,11,2026-11-01 00:00:00+00:00,22.7
2026-11-01 02:44:00+00:00,U1,11,2026-11-01 00:00:00+00:00,19.11
2026-11-01 02:45:00+00:00,U1,11,2026-11-01 00:00:00+00:00,17.65
2026-11-01 02:46:00+00:00,U1,11,2026-11-01 00:00:00+00:00,13.4
2026-11-01 02:47:00+00:00,U1,11,2026-11-01 00:00:00+00:00,11.31
2026-11-01 02:48:00+00:00,U1,11,2026-11-01 00:00:00+00:00,7.1
2026-11-01 02:49:00+00:00,U1,11,2026-11-01 00:00:00+00:00,4.87
2026-11-01 02:50:00+00:00,U1,11,2026-11-01 00:00:00+00:00,0.85
2026-11-01 02:51:00+00:00,U1,11,2026-11-01 00:00:00+00:00,0.54
2026-11-01 02:52:00+00:00,U1,11,2026-11-01 00:00:00+00:00,0.0
2026-11-01 02:53:00+00:00,U1,11,2026-11-01 00:00:00+00:00,0.0
2026-11-01 02:54:00+00:00,U1,11,2026-11-01 00:00:00+00:00,0.0
2026-11-01 02:55:00+00:00,U1,11,2026-11-01 00:00:00+00:00,0.0
2026-11-01 02:56:00+00:00,U1,11,2026-11-01 00:00:00+00:00,0.25
2026-11-01 02:57:00+00:00,U1,11,2026-11-01 00:00:00+00:00,0.0
2026-11-01 02:58:00+00:00,U1,11,2026-11-01 00:00:00+00:00,0.4
2026-11-01 02:59:00+00:00,U1,11,2026-11-01 00:00:00+00:00,0.0
2026-11-01 03:00:00+00:00,U1,11,2026-11-01 00:00:00+00:00,0.41
2026-11-01 03:01:00+00:00,U1,11,2026-11-01 00:00:00+00:00,2.36
2026-11-01 03:02:00+00:00,U1,11,2026-11-01 00:00:00+00:00,3.51
2026-11-01 03:03:00+00:00,U1,11,2026-11-01 00:00:00+00:00,4.81
2026-11-01 03:04:00+00:00,U1,11,2026-11-01 00:00:00+00:00,6.97
2026-11-01 03:05:00+00:00,U1,11,2026-11-01 00:00:00+00:00,7.56
2026-11-01 03:06:00+00:00,U1,11,2026-11-01 00:00:00+00:00,10.25
2026-11-01 03:07:00+00:00,U1,11,2026-11-01 00:00:00+00:00,11.4
2026-11-01 03:08:00+00:00,U1,11,2026-11-01 00:00:00+00:00,13.15
2026-11-01 03:09:00+00:00,U1,11,2026-11-01 00:00:00+00:00,13.02
2026-11-01 03:10:00+00:00,U1,11,2026-11-01 00:00:00+00:00,15.86
2026-11-01 03:11:00+00:00,U1,11,2026-11-01 00:00:00+00:00,16.15
2026-11-01 03:12:00+00:00,U1,11,2026-11-01 00:00:00+00:00,17.72
2026-11-01 03:13:00+00:00,U1,11,2026-11-01 00:00:00+00:00,19.26
2026-11-01 03:14:00+00:00,U1,11,2026-11-01 00:00:00+00:00,19.65
2026-11-01 03:15:00+00:00,U1,11,2026-11-01 00:00:00+00:00,18.04
2026-11-01 03:16:00+00:00,U1,11,2026-11-01 00:00:00+00:00,16.93
2026-11-01 03:17:00+00:00,U1,11,2026-11-01 00:00:00+00:00,13.76
2026-11-01 03:18:00+00:00,U1,11,2026-11-01 00:00:00+00:00,10.52
2026-11-01 03:19:00+00:00,U1,11,2026-11-01 00:00:00+00:00,8.12
2026-11-01 03:20:00+00:00,U1,11,2026-11-01 00:00:00+00:00,7.26
2026-11-01 03:21:00+00:00,U1,11,2026-11-01 00:00:00+00:00,3.89
2026-11-01 03:22:00+00:00,U1,11,2026-11-01 00:00:00+00:00,2.81
2026-11-01 03:23:00+00:00,U1,11,2026-11-01 00:00:00+00:00,0.0
2026-11-01 03:24:00+00:00,U1,11,2026-11-01 00:00:00+00:00,0.87
2026-11-01 03:25:00+00:00,U1,11,2026-11-01 00:00:00+00:00,0.0
2026-11-01 03:26:00+00:00,U1,11,2026-11-01 00:00:00+00:00,0.0
2026-11-01 03:27:00+00:00,U1,11,2026-11-01 00:00:00+00:00,0.0
2026-11-01 03:28:00+00:00,U1,11,2026-11-01 00:00:00+00:00,0.3
2026-11-01 03:29:00+00:00,U1,11,2026-11-01 00:00:00+00:00,0.4
2026-11-01 03:30:00+00:00,U1,11,2026-11-01 00:00:00+00:00,1.25
2026-11-01 03:31:00+00:00,U1,11,2026-11-01 00:00:00+00:00,2.68
2026-11-01 03:32:00+00:00,U1,11,2026-11-01 00:00:00+00:00,4.78
2026-11-01 03:33:00+00:00,U1,11,2026-11-01 00:00:00+00:00,4.86
2026-11-01 03:34:00+00:00,U1,11,2026-11-01 00:00:00+00:00,7.49
2026-11-01 03:35:00+00:00,U1,11,2026-11-01 00:00:00+00:00,10.05
2026-11-01 03:36:00+00:00,U1,11,2026-11-01 00:00:00+00:00,13.13
2026-11-01 03:37:00+00:00,U1,11,2026-11-01 00:00:00+00:00,15.4
2026-11-01 03:38:00+00:00,U1,11,2026-11-01 00:00:00+00:00,16.95
2026-11-01 03:39:00+00:00,U1,11,2026-11-01 00:00:00+00:00,21.4
2026-11-01 03:40:00+00:00,U1,11,2026-11-01 00:00:00+00:00,26.18
2026-11-01 03:41:00+00:00,U1,11,2026-11-01 00:00:00+00:00,33.38
2026-11-01 03:42:00+00:00,U1,11,2026-11-01 00:00:00+00:00,38.91
2026-11-01 03:43:00+00:00,U1,11,2026-11-01 00:00:00+00:00,40.77
2026-11-01 03:44:00+00:00,U1,11,2026-11-01 00:00:00+00:00,43.73
2026-11-01 03:45:00+00:00,U1,11,2026-11-01 00:00:00+00:00,46.15
2026-11-01 03:46:00+00:00,U1,11,2026-11-01 00:00:00+00:00,50.24
2026-11-01 03:47:00+00:00,U1,11,2026-11-01 00:00:00+00:00,53.07
2026-11-01 03:48:00+00:00,U1,11,2026-11-01 00:00:00+00:00,59.26
2026-11-01 03:49:00+00:00,U1,11,2026-11-01 00:00:00+00:00,60.31
2026-11-01 03:50:00+00:00,U1,11,2026-11-01 00:00:00+00:00,67.22
2026-11-01 03:51:00+00:00,U1,11,2026-11-01 00:00:00+00:00,76.44
2026-11-01 03:52:00+00:00,U1,11,2026-11-01 00:00:00+00:00,75.26
2026-11-01 03:53:00+00:00,U1,11,2026-11-01 00:00:00+00:00,72.73
2026-11-01 03:54:00+00:00,U1,11,2026-11-01 00:00:00+00:00,75.24
2026-11-01 03:55:00+00:00,U1,11,2026-11-01 00:00:00+00:00,84.34
2026-11-01 03:56:00+00:00,U1,11,2026-11-01 00:00:00+00:00,86.0
2026-11-01 03:57:00+00:00,U1,11,2026-11-01 00:00:00+00:00,85.59
2026-11-01 03:58:00+00:00,U1,11,2026-11-01 00:00:00+00:00,99.02
2026-11-01 03:59:00+00:00,U1,11,2026-11-01 00:00:00+00:00,109.3
2026-12-01 00:00:00+00:00,U1,12,2026-12-01 00:00:00+00:00,1.04
2026-12-01 00:01:00+00:00,U1,12,2026-12-01 00:00:00+00:00,2.7
2026-12-01 00:02:00+00:00,U1,12,2026-12-01 00:00:00+00:00,3.19
2026-12-01 00:03:00+00:00,U1,12,2026-12-01 00:00:00+00:00,5.23
2026-12-01 00:04:00+00:00,U1,12,2026-12-01 00:00:00+00:00,7.07
2026-12-01 00:05:00+00:00,U1,12,2026-12-01 00:00:00+00:00,7.9
2026-12-01 00:06:00+00:00,U1,12,2026-12-01 00:00:00+00:00,9.86
2026-12-01 00:07:00+00:00,U1,12,2026-12-01 00:00:00+00:00,10.73
2026-12-01 00:08:00+00:00,U1,12,2026-12-01 00:00:00+00:00,12.7
2026-12-01 00:09:00+00:00,U1,12,2026-12-01 00:00:00+00:00,14.12
2026-12-01 00:10:00+00:00,U1,12,2026-12-01 00:00:00+00:00,15.65
2026-12-01 00:11:00+00:00,U1,12,2026-12-01 00:00:00+00:00,16.01
2026-12-01 00:12:00+00:00,U1,12,2026-12-01 00:00:00+00:00,16.73
2026-12-01 00:13:00+00:00,U1,12,2026-12-01 00:00:00+00:00,17.73
2026-12-01 00:14:00+00:00,U1,12,2026-12-01 00:00:00+00:00,18.11
2026-12-01 00:15:00+00:00,U1,12,2026-12-01 00:00:00+00:00,16.16
2026-12-01 00:16:00+00:00,U1,12,2026-12-01 00:00:00+00:00,12.57
2026-12-01 00:17:00+00:00,U1,12,2026-12-01 00:00:00+00:00,11.32
2026-12-01 00:18:00+00:00,U1,12,2026-12-01 00:00:00+00:00,8.81
2026-12-01 00:19:00+00:00,U1,12,2026-12-01 00:00:00+00:00,7.04
2026-12-01 00:20:00+00:00,U1,12,2026-12-01 00:00:00+00:00,4.86
2026-12-01 00:21:00+00:00,U1,12,2026-12-01 00:00:00+00:00,1.95
2026-12-01 00:22:00+00:00,U1,12,2026-12-01 00:00:00+00:00,0.0
2026-12-01 00:23:00+00:00,U1,12,2026-12-01 00:00:00+00:00,0.0
2026-12-01 00:24:00+00:00,U1,12,2026-12-01 00:00:00+00:00,0.0
2026-12-01 00:25:00+00:00,U1,12,2026-12-01 00:00:00+00:00,0.39
2026-12-01 00:26:00+00:00,U1,12,2026-12-01 00:00:00+00:00,0.2
2026-12-01 00:27:00+00:00,U1,12,2026-12-01 00:00:00+00:00,0.12
2026-12-01 00:28:00+00:00,U1,12,2026-12-01 00:00:00+00:00,0.35
2026-12-01 00:29:00+00:00,U1,12,2026-12-01 00:00:00+00:00,0.0
2026-12-01 00:30:00+00:00,U1,12,2026-12-01 00:00:00+00:00,1.44
2026-12-01 00:31:00+00:00,U1,12,2026-12-01 00:00:00+00:00,2.97
2026-12-01 00:32:00+00:00,U1,12,2026-12-01 00:00:00+00:00,4.34
2026-12-01 00:33:00+00:00,U1,12,2026-12-01 00:00:00+00:00,7.08
2026-12-01 00:34:00+00:00,U1,12,2026-12-01 00:00:00+00:00,9.34
2026-12-01 00:35:00+00:00,U1,12,2026-12-01 00:00:00+00:00,10.99
2026-12-01 00:36:00+00:00,U1,12,2026-12-01 00:00:00+00:00,13.65
2026-12-01 00:37:00+00:00,U1,12,2026-12-01 00:00:00+00:00,16.3
2026-12-01 00:38:00+00:00,U1,12,2026-12-01 00:00:00+00:00,20.77
2026-12-01 00:39:00+00:00,U1,12,2026-12-01 00:00:00+00:00,22.71
2026-12-01 00:40:00+00:00,U1,12,2026-12-01 00:00:00+00:00,27.7
2026-12-01 00:41:00+00:00,U1,12,2026-12-01 00:00:00+00:00,30.9
2026-12-01 00:42:00+00:00,U1,12,2026-12-01 00:00:00+00:00,36.17
2026-12-01 00:43:00+00:00,U1,12,2026-12-01 00:00:00+00:00,38.47
2026-12-01 00:44:00+00:00,U1,12,2026-12-01 00:00:00+00:00,40.2
2026-12-01 00:45:00+00:00,U1,12,2026-12-01 00:00:00+00:00,40.34
2026-12-01 00:46:00+00:00,U1,12,2026-12-01 00:00:00+00:00,38.67
2026-12-01 00:47:00+00:00,U1,12,2026-12-01 00:00:00+00:00,43.79
2026-12-01 00:48:00+00:00,U1,12,2026-12-01 00:00:00+00:00,46.05
2026-12-01 00:49:00+00:00,U1,12,2026-12-01 00:00:00+00:00,50.59
2026-12-01 00:50:00+00:00,U1,12,2026-12-01 00:00:00+00:00,47.49
2026-12-01 00:51:00+00:00,U1,12,2026-12-01 00:00:00+00:00,47.03
2026-12-01 00:52:00+00:00,U1,12,2026-12-01 00:00:00+00:00,47.65
2026-12-01 00:53:00+00:00,U1,12,2026-12-01 00:00:00+00:00,45.82
2026-12-01 00:54:00+00:00,U1,12,2026-12-01 00:00:00+00:00,44.17
2026-12-01 00:55:00+00:00,U1,12,2026-12-01 00:00:00+00:00,46.33
2026-12-01 00:56:00+00:00,U1,12,2026-12-01 00:00:00+00:00,53.42
2026-12-01 00:57:00+00:00,U1,12,2026-12-01 00:00:00+00:00,55.67
2026-12-01 00:58:00+00:00,U1,12,2026-12-01 00:00:00+00:00,61.41
2026-12-01 00:59:00+00:00,U1,12,2026-12-01 00:00:00+00:00,61.74
2026-12-01 01:00:00+00:00,U1,12,2026-12-01 00:00:00+00:00,51.54
2026-12-01 01:01:00+00:00,U1,12,2026-12-01 00:00:00+00:00,50.58
2026-12-01 01:02:00+00:00,U1,12,2026-12-01 00:00:00+00:00,47.11
2026-12-01 01:03:00+00:00,U1,12,2026-12-01 00:00:00+00:00,46.59
2026-12-01 01:04:00+00:00,U1,12,2026-12-01 00:00:00+00:00,42.15
2026-12-01 01:05:00+00:00,U1,12,2026-12-01 00:00:00+00:00,40.15
2026-12-01 01:06:00+00:00,U1,12,2026-12-01 00:00:00+00:00,38.54
2026-12-01 01:07:00+00:00,U1,12,2026-12-01 00:00:00+00:00,33.55
2026-12-01 01:08:00+00:00,U1,12,2026-12-01 00:00:00+00:00,30.53
2026-12-01 01:09:00+00:00,U1,12,2026-12-01 00:00:00+00:00,26.58
2026-12-01 01:10:00+00:00,U1,12,2026-12-01 00:00:00+00:00,22.73
2026-12-01 01:11:00+00:00,U1,12,2026-12-01 00:00:00+00:00,18.73
2026-12-01 01:12:00+00:00,U1,12,2026-12-01 00:00:00+00:00,18.11
2026-12-01 01:13:00+00:00,U1,12,2026-12-01 00:00:00+00:00,17.11
2026-12-01 01:14:00+00:00,U1,12,2026-12-01 00:00:00+00:00,14.25
2026-12-01 01:15:00+00:00,U1,12,2026-12-01 00:00:00+00:00,11.36
2026-12-01 01:16:00+00:00,U1,12,2026-12-01 00:00:00+00:00,9.44
2026-12-01 01:17:00+00:00,U1,12,2026-12-01 00:00:00+00:00,6.12
2026-12-01 01:18:00+00:00,U1,12,2026-12-01 00:00:00+00:00,4.42
2026-12-01 01:19:00+00:00,U1,12,2026-12-01 00:00:00+00:00,2.93
2026-12-01 01:20:00+00:00,U1,12,2026-12-01 00:00:00+00:00,0.26
2026-12-01 01:21:00+00:00,U1,12,2026-12-01 00:00:00+00:00,0.0
2026-12-01 01:22:00+00:00,U1,12,2026-12-01 00:00:00+00:00,0.15
2026-12-01 01:23:00+00:00,U1,12,2026-12-01 00:00:00+00:00,0.0
2026-12-01 01:24:00+00:00,U1,12,2026-12-01 00:00:00+00:00,0.0
2026-12-01 01:25:00+00:00,U1,12,2026-12-01 00:00:00+00:00,0.03
2026-12-01 01:26:00+00:00,U1,12,2026-12-01 00:00:00+00:00,0.0
2026-12-01 01:27:00+00:00,U1,12,2026-12-01 00:00:00+00:00,0.0
2026-12-01 01:28:00+00:00,U1,12,2026-12-01 00:00:00+00:00,0.0
2026-12-01 01:29:00+00:00,U1,12,2026-12-01 00:00:00+00:00,0.25
2026-12-01 01:30:00+00:00,U1,12,2026-12-01 00:00:00+00:00,0.78
2026-12-01 01:31:00+00:00,U1,12,2026-12-01 00:00:00+00:00,1.66
2026-12-01 01:32:00+00:00,U1,12,2026-12-01 00:00:00+00:00,2.44
2026-12-01 01:33:00+00:00,U1,12,2026-12-01 00:00:00+00:00,5.1
2026-12-01 01:34:00+00:00,U1,12,2026-12-01 00:00:00+00:00,5.98
2026-12-01 01:35:00+00:00,U1,12,2026-12-01 00:00:00+00:00,6.48
2026-12-01 01:36:00+00:00,U1,12,2026-12-01 00:00:00+00:00,7.59
2026-12-01 01:37:00+00:00,U1,12,2026-12-01 00:00:00+00:00,8.52
2026-12-01 01:38:00+00:00,U1,12,2026-12-01 00:00:00+00:00,10.99
2026-12-01 01:39:00+00:00,U1,12,2026-12-01 00:00:00+00:00,11.18
2026-12-01 01:40:00+00:00,U1,12,2026-12-01 00:00:00+00:00,14.35
2026-12-01 01:41:00+00:00,U1,12,2026-12-01 00:00:00+00:00,15.26
2026-12-01 01:42:00+00:00,U1,12,2026-12-01 00:00:00+00:00,15.42
2026-12-01 01:43:00+00:00,U1,12,2026-12-01 00:00:00+00:00,16.82
2026-12-01 01:44:00+00:00,U1,12,2026-12-01 00:00:00+00:00,18.37
2026-12-01 01:45:00+00:00,U1,12,2026-12-01 00:00:00+00:00,15.34
2026-12-01 01:46:00+00:00,U1,12,2026-12-01 00:00:00+00:00,12.07
2026-12-01 01:47:00+00:00,U1,12,2026-12-01 00:00:00+00:00,9.94
2026-12-01 01:48:00+00:00,U1,12,2026-12-01 00:00:00+00:00,7.86
2026-12-01 01:49:00+00:00,U1,12,2026-12-01 00:00:00+00:00,5.35
2026-12-01 01:50:00+00:00,U1,12,2026-12-01 00:00:00+00:00,3.43
2026-12-01 01:51:00+00:00,U1,12,2026-12-01 00:00:00+00:00,0.76
2026-12-01 01:52:00+00:00,U1,12,2026-12-01 00:00:00+00:00,0.33
2026-12-01 01:53:00+00:00,U1,12,2026-12-01 00:00:00+00:00,0.33
2026-12-01 01:54:00+00:00,U1,12,2026-12-01 00:00:00+00:00,0.23
2026-12-01 01:55:00+00:00,U1,12,2026-12-01 00:00:00+00:00,0.49
2026-12-01 01:56:00+00:00,U1,12,2026-12-01 00:00:00+00:00,0.0
2026-12-01 01:57:00+00:00,U1,12,2026-12-01 00:00:00+00:00,0.0
2026-12-01 01:58:00+00:00,U1,12,2026-12-01 00:00:00+00:00,0.44
2026-12-01 01:59:00+00:00,U1,12,2026-12-01 00:00:00+00:00,0.0
2026-12-01 02:00:00+00:00,U1,12,2026-12-01 00:00:00+00:00,0.82
2026-12-01 02:01:00+00:00,U1,12,2026-12-01 00:00:00+00:00,4.1
2026-12-01 02:02:00+00:00,U1,12,2026-12-01 00:00:00+00:00,5.1
2026-12-01 02:03:00+00:00,U1,12,2026-12-01 00:00:00+00:00,7.55
2026-12-01 02:04:00+00:00,U1,12,2026-12-01 00:00:00+00:00,10.92
2026-12-01 02:05:00+00:00,U1,12,2026-12-01 00:00:00+00:00,12.64
2026-12-01 02:06:00+00:00,U1,12,2026-12-01 00:00:00+00:00,16.34
2026-12-01 02:07:00+00:00,U1,12,2026-12-01 00:00:00+00:00,19.44
2026-12-01 02:08:00+00:00,U1,12,2026-12-01 00:00:00+00:00,22.16
2026-12-01 02:09:00+00:00,U1,12,2026-12-01 00:00:00+00:00,25.44
2026-12-01 02:10:00+00:00,U1,12,2026-12-01 00:00:00+00:00,26.77
2026-12-01 02:11:00+00:00,U1,12,2026-12-01 00:00:00+00:00,32.51
2026-12-01 02:12:00+00:00,U1,12,2026-12-01 00:00:00+00:00,39.55
2026-12-01 02:13:00+00:00,U1,12,2026-12-01 00:00:00+00:00,41.77
2026-12-01 02:14:00+00:00,U1,12,2026-12-01 00:00:00+00:00,44.77
2026-12-01 02:15:00+00:00,U1,12,2026-12-01 00:00:00+00:00,47.63
2026-12-01 02:16:00+00:00,U1,12,2026-12-01 00:00:00+00:00,48.01
2026-12-01 02:17:00+00:00,U1,12,2026-12-01 00:00:00+00:00,51.13
2026-12-01 02:18:00+00:00,U1,12,2026-12-01 00:00:00+00:00,50.53
2026-12-01 02:19:00+00:00,U1,12,2026-12-01 00:00:00+00:00,54.91
2026-12-01 02:20:00+00:00,U1,12,2026-12-01 00:00:00+00:00,57.71
2026-12-01 02:21:00+00:00,U1,12,2026-12-01 00:00:00+00:00,57.8
2026-12-01 02:22:00+00:00,U1,12,2026-12-01 00:00:00+00:00,61.12
2026-12-01 02:23:00+00:00,U1,12,2026-12-01 00:00:00+00:00,59.8
2026-12-01 02:24:00+00:00,U1,12,2026-12-01 00:00:00+00:00,60.94
2026-12-01 02:25:00+00:00,U1,12,2026-12-01 00:00:00+00:00,66.47
2026-12-01 02:26:00+00:00,U1,12,2026-12-01 00:00:00+00:00,75.53
2026-12-01 02:27:00+00:00,U1,12,2026-12-01 00:00:00+00:00,88.09
2026-12-01 02:28:00+00:00,U1,12,2026-12-01 00:00:00+00:00,101.7
2026-12-01 02:29:00+00:00,U1,12,2026-12-01 00:00:00+00:00,116.59
2026-12-01 02:30:00+00:00,U1,12,2026-12-01 00:00:00+00:00,96.06
2026-12-01 02:31:00+00:00,U1,12,2026-12-01 00:00:00+00:00,87.51
2026-12-01 02:32:00+00:00,U1,12,2026-12-01 00:00:00+00:00,83.45
2026-12-01 02:33:00+00:00,U1,12,2026-12-01 00:00:00+00:00,80.56
2026-12-01 02:34:00+00:00,U1,12,2026-12-01 00:00:00+00:00,69.47
2026-12-01 02:35:00+00:00,U1,12,2026-12-01 00:00:00+00:00,64.44
2026-12-01 02:36:00+00:00,U1,12,2026-12-01 00:00:00+00:00,60.31
2026-12-01 02:37:00+00:00,U1,12,2026-12-01 00:00:00+00:00,48.45
2026-12-01 02:38:00+00:00,U1,12,2026-12-01 00:00:00+00:00,48.71
2026-12-01 02:39:00+00:00,U1,12,2026-12-01 00:00:00+00:00,46.86
2026-12-01 02:40:00+00:00,U1,12,2026-12-01 00:00:00+00:00,42.26
2026-12-01 02:41:00+00:00,U1,12,2026-12-01 00:00:00+00:00,43.35
2026-12-01 02:42:00+00:00,U1,12,2026-12-01 00:00:00+00:00,38.4
2026-12-01 02:43:00+00:00,U1,12,2026-12-01 00:00:00+00:00,34.38
2026-12-01 02:44:00+00:00,U1,12,2026-12-01 00:00:00+00:00,29.72
2026-12-01 02:45:00+00:00,U1,12,2026-12-01 00:00:00+00:00,23.27
2026-12-01 02:46:00+00:00,U1,12,2026-12-01 00:00:00+00:00,20.06
2026-12-01 02:47:00+00:00,U1,12,2026-12-01 00:00:00+00:00,15.84
2026-12-01 02:48:00+00:00,U1,12,2026-12-01 00:00:00+00:00,12.58
2026-12-01 02:49:00+00:00,U1,12,2026-12-01 00:00:00+00:00,8.14
2026-12-01 02:50:00+00:00,U1,12,2026-12-01 00:00:00+00:00,6.71
2026-12-01 02:51:00+00:00,U1,12,2026-12-01 00:00:00+00:00,4.33
2026-12-01 02:52:00+00:00,U1,12,2026-12-01 00:00:00+00:00,1.24
2026-12-01 02:53:00+00:00,U1,12,2026-12-01 00:00:00+00:00,0.52
2026-12-01 02:54:00+00:00,U1,12,2026-12-01 00:00:00+00:00,0.0
2026-12-01 02:55:00+00:00,U1,12,2026-12-01 00:00:00+00:00,0.0
2026-12-01 02:56:00+00:00,U1,12,2026-12-01 00:00:00+00:00,0.0
2026-12-01 02:57:00+00:00,U1,12,2026-12-01 00:00:00+00:00,0.49
2026-12-01 02:58:00+00:00,U1,12,2026-12-01 00:00:00+00:00,0.0
2026-12-01 02:59:00+00:00,U1,12,2026-12-01 00:00:00+00:00,0.5
2026-12-01 03:00:00+00:00,U1,12,2026-12-01 00:00:00+00:00,1.12
2026-12-01 03:01:00+00:00,U1,12,2026-12-01 00:00:00+00:00,1.78
2026-12-01 03:02:00+00:00,U1,12,2026-12-01 00:00:00+00:00,3.07
2026-12-01 03:03:00+00:00,U1,12,2026-12-01 00:00:00+00:00,3.75
2026-12-01 03:04:00+00:00,U1,12,2026-12-01 00:00:00+00:00,4.73
2026-12-01 03:05:00+00:00,U1,12,2026-12-01 00:00:00+00:00,6.36
2026-12-01 03:06:00+00:00,U1,12,2026-12-01 00:00:00+00:00,6.02
2026-12-01 03:07:00+00:00,U1,12,2026-12-01 00:00:00+00:00,8.82
2026-12-01 03:08:00+00:00,U1,12,2026-12-01 00:00:00+00:00,9.1
2026-12-01 03:09:00+00:00,U1,12,2026-12-01 00:00:00+00:00,10.75
2026-12-01 03:10:00+00:00,U1,12,2026-12-01 00:00:00+00:00,12.93
2026-12-01 03:11:00+00:00,U1,12,2026-12-01 00:00:00+00:00,14.77
2026-12-01 03:12:00+00:00,U1,12,2026-12-01 00:00:00+00:00,15.56
2026-12-01 03:13:00+00:00,U1,12,2026-12-01 00:00:00+00:00,16.23
2026-12-01 03:14:00+00:00,U1,12,2026-12-01 00:00:00+00:00,18.23
2026-12-01 03:15:00+00:00,U1,12,2026-12-01 00:00:00+00:00,15.03
2026-12-01 03:16:00+00:00,U1,12,2026-12-01 00:00:00+00:00,14.41
2026-12-01 03:17:00+00:00,U1,12,2026-12-01 00:00:00+00:00,11.02
2026-12-01 03:18:00+00:00,U1,12,2026-12-01 00:00:00+00:00,8.6
2026-12-01 03:19:00+00:00,U1,12,2026-12-01 00:00:00+00:00,5.46
2026-12-01 03:20:00+00:00,U1,12,2026-12-01 00:00:00+00:00,3.44
2026-12-01 03:21:00+00:00,U1,12,2026-12-01 00:00:00+00:00,1.35
2026-12-01 03:22:00+00:00,U1,12,2026-12-01 00:00:00+00:00,0.4
2026-12-01 03:23:00+00:00,U1,12,2026-12-01 00:00:00+00:00,0.09
2026-12-01 03:24:00+00:00,U1,12,2026-12-01 00:00:00+00:00,0.0
2026-12-01 03:25:00+00:00,U1,12,2026-12-01 00:00:00+00:00,0.89
2026-12-01 03:26:00+00:00,U1,12,2026-12-01 00:00:00+00:00,0.02
2026-12-01 03:27:00+00:00,U1,12,2026-12-01 00:00:00+00:00,0.1
2026-12-01 03:28:00+00:00,U1,12,2026-12-01 00:00:00+00:00,0.28
2026-12-01 03:29:00+00:00,U1,12,2026-12-01 00:00:00+00:00,0.0
2026-12-01 03:30:00+00:00,U1,12,2026-12-01 00:00:00+00:00,1.12
2026-12-01 03:31:00+00:00,U1,12,2026-12-01 00:00:00+00:00,4.3
2026-12-01 03:32:00+00:00,U1,12,2026-12-01 00:00:00+00:00,4.77
2026-12-01 03:33:00+00:00,U1,12,2026-12-01 00:00:00+00:00,6.52
2026-12-01 03:34:00+00:00,U1,12,2026-12-01 00:00:00+00:00,8.64
2026-12-01 03:35:00+00:00,U1,12,2026-12-01 00:00:00+00:00,11.7
2026-12-01 03:36:00+00:00,U1,12,2026-12-01 00:00:00+00:00,15.0
2026-12-01 03:37:00+00:00,U1,12,2026-12-01 00:00:00+00:00,15.8
2026-12-01 03:38:00+00:00,U1,12,2026-12-01 00:00:00+00:00,18.22
2026-12-01 03:39:00+00:00,U1,12,2026-12-01 00:00:00+00:00,22.08
2026-12-01 03:40:00+00:00,U1,12,2026-12-01 00:00:00+00:00,25.77
2026-12-01 03:41:00+00:00,U1,12,2026-12-01 00:00:00+00:00,29.27
2026-12-01 03:42:00+00:00,U1,12,2026-12-01 00:00:00+00:00,30.35
2026-12-01 03:43:00+00:00,U1,12,2026-12-01 00:00:00+00:00,34.45
2026-12-01 03:44:00+00:00,U1,12,2026-12-01 00:00:00+00:00,38.17
2026-12-01 03:45:00+00:00,U1,12,2026-12-01 00:00:00+00:00,38.01
2026-12-01 03:46:00+00:00,U1,12,2026-12-01 00:00:00+00:00,40.67
2026-12-01 03:47:00+00:00,U1,12,2026-12-01 00:00:00+00:00,44.99
2026-12-01 03:48:00+00:00,U1,12,2026-12-01 00:00:00+00:00,46.31
2026-12-01 03:49:00+00:00,U1,12,2026-12-01 00:00:00+00:00,49.72
2026-12-01 03:50:00+00:00,U1,12,2026-12-01 00:00:00+00:00,50.37
2026-12-01 03:51:00+00:00,U1,12,2026-12-01 00:00:00+00:00,52.92
2026-12-01 03:52:00+00:00,U1,12,2026-12-01 00:00:00+00:00,57.95
2026-12-01 03:53:00+00:00,U1,12,2026-12-01 00:00:00+00:00,61.96
2026-12-01 03:54:00+00:00,U1,12,2026-12-01 00:00:00+00:00,68.22
2026-12-01 03:55:00+00:00,U1,12,2026-12-01 00:00:00+00:00,64.81
2026-12-01 03:56:00+00:00,U1,12,2026-12-01 00:00:00+00:00,68.79
2026-12-01 03:57:00+00:00,U1,12,2026-12-01 00:00:00+00:00,73.8
2026-12-01 03:58:00+00:00,U1,12,2026-12-01 00:00:00+00:00,74.89
2026-12-01 03:59:00+00:00,U1,12,2026-12-01 00:00:00+00:00,79.94
